2026-05-12 16:05:58 | INFO     | my_app.app.bootstrap | bootstrap.py:25 | Application bootstrap started.
2026-05-12 16:05:58 | INFO     | my_app.utils.font_manager | font_manager.py:49 | Loaded font family: Google Sans
2026-05-12 16:05:58 | INFO     | my_app.utils.font_manager | font_manager.py:49 | Loaded font family: Google Sans 17pt
2026-05-12 16:05:58 | INFO     | my_app.utils.font_manager | font_manager.py:55 | Loaded 18 font file(s).
2026-05-12 16:05:58 | DEBUG    | my_app.app.bootstrap | bootstrap.py:55 | Loading services with config: AppConfig(app_name='FreeCut AI', app_version='1.0.0', debug=True, theme_path=PosixPath('/Users/piseth/developer/desktop-app/freecut-ai/assets/styles/theme.qss'), fonts_path=PosixPath('/Users/piseth/developer/desktop-app/freecut-ai/assets/fonts'), log_level='DEBUG')
2026-05-12 16:05:59 | INFO     | my_app.app.bootstrap | bootstrap.py:40 | Application bootstrap finished.
2026-05-12 16:05:59 | INFO     | my_app.app.application | application.py:49 | Opening main window.
2026-05-12 16:13:45 | INFO     | my_app.app.bootstrap | bootstrap.py:25 | Application bootstrap started.
2026-05-12 16:13:45 | INFO     | my_app.utils.font_manager | font_manager.py:49 | Loaded font family: Google Sans
2026-05-12 16:13:45 | INFO     | my_app.utils.font_manager | font_manager.py:49 | Loaded font family: Google Sans 17pt
2026-05-12 16:13:45 | INFO     | my_app.utils.font_manager | font_manager.py:55 | Loaded 18 font file(s).
2026-05-12 16:13:45 | DEBUG    | my_app.app.bootstrap | bootstrap.py:55 | Loading services with config: AppConfig(app_name='FreeCut AI', app_version='1.0.0', debug=True, theme_path=PosixPath('/Users/piseth/developer/desktop-app/freecut-ai/assets/styles/theme.qss'), fonts_path=PosixPath('/Users/piseth/developer/desktop-app/freecut-ai/assets/fonts'), log_level='DEBUG')
2026-05-12 16:13:46 | INFO     | my_app.app.bootstrap | bootstrap.py:40 | Application bootstrap finished.
2026-05-12 16:13:46 | INFO     | my_app.app.application | application.py:61 | Opening main window.
2026-05-12 16:13:46 | INFO     | my_app.app.application | application.py:56 | Theme loaded: /Users/piseth/developer/desktop-app/freecut-ai/assets/styles/theme.qss
2026-05-12 16:13:46 | INFO     | my_app.ui.windows.main_window | main_window.py:16 | MainWindow initialized.
2026-05-12 22:04:49 | INFO     | my_app.app.bootstrap | bootstrap.py:25 | Application bootstrap started.
2026-05-12 22:04:50 | INFO     | my_app.utils.font_manager | font_manager.py:49 | Loaded font family: Google Sans
2026-05-12 22:04:50 | INFO     | my_app.utils.font_manager | font_manager.py:49 | Loaded font family: Google Sans 17pt
2026-05-12 22:04:50 | INFO     | my_app.utils.font_manager | font_manager.py:55 | Loaded 18 font file(s).
2026-05-12 22:04:50 | DEBUG    | my_app.app.bootstrap | bootstrap.py:55 | Loading services with config: AppConfig(app_name='FreeCut AI', app_version='1.0.0', debug=True, theme_path=PosixPath('/Users/piseth/developer/desktop-app/freecut-ai/assets/styles/theme.qss'), fonts_path=PosixPath('/Users/piseth/developer/desktop-app/freecut-ai/assets/fonts'), log_level='DEBUG')
2026-05-12 22:04:50 | INFO     | my_app.app.bootstrap | bootstrap.py:40 | Application bootstrap finished.
2026-05-12 22:04:50 | INFO     | my_app.app.application | application.py:61 | Opening main window.
2026-05-12 22:04:50 | INFO     | my_app.app.application | application.py:56 | Theme loaded: /Users/piseth/developer/desktop-app/freecut-ai/assets/styles/theme.qss
2026-05-12 22:04:50 | INFO     | my_app.ui.windows.main_window | main_window.py:16 | MainWindow initialized.
2026-05-12 22:08:54 | INFO     | my_app.app.bootstrap | bootstrap.py:25 | Application bootstrap started.
2026-05-12 22:08:55 | INFO     | my_app.utils.font_manager | font_manager.py:49 | Loaded font family: Google Sans
2026-05-12 22:08:55 | INFO     | my_app.utils.font_manager | font_manager.py:49 | Loaded font family: Google Sans 17pt
2026-05-12 22:08:55 | INFO     | my_app.utils.font_manager | font_manager.py:55 | Loaded 18 font file(s).
2026-05-12 22:08:55 | DEBUG    | my_app.app.bootstrap | bootstrap.py:55 | Loading services with config: AppConfig(app_name='FreeCut AI', app_version='1.0.0', debug=True, theme_path=PosixPath('/Users/piseth/developer/desktop-app/freecut-ai/assets/styles/theme.qss'), fonts_path=PosixPath('/Users/piseth/developer/desktop-app/freecut-ai/assets/fonts'), log_level='DEBUG')
2026-05-12 22:08:55 | INFO     | my_app.app.bootstrap | bootstrap.py:40 | Application bootstrap finished.
2026-05-12 22:08:55 | INFO     | my_app.app.application | application.py:61 | Opening main window.
2026-05-12 22:08:55 | INFO     | my_app.app.application | application.py:56 | Theme loaded: /Users/piseth/developer/desktop-app/freecut-ai/assets/styles/theme.qss
2026-05-12 22:08:55 | INFO     | my_app.ui.windows.main_window | main_window.py:16 | MainWindow initialized.
2026-05-12 22:09:17 | INFO     | my_app.app.bootstrap | bootstrap.py:25 | Application bootstrap started.
2026-05-12 22:09:17 | INFO     | my_app.utils.font_manager | font_manager.py:49 | Loaded font family: Google Sans
2026-05-12 22:09:17 | INFO     | my_app.utils.font_manager | font_manager.py:49 | Loaded font family: Google Sans 17pt
2026-05-12 22:09:17 | INFO     | my_app.utils.font_manager | font_manager.py:55 | Loaded 18 font file(s).
2026-05-12 22:09:17 | DEBUG    | my_app.app.bootstrap | bootstrap.py:55 | Loading services with config: AppConfig(app_name='FreeCut AI', app_version='1.0.0', debug=True, theme_path=PosixPath('/Users/piseth/developer/desktop-app/freecut-ai/assets/styles/theme.qss'), fonts_path=PosixPath('/Users/piseth/developer/desktop-app/freecut-ai/assets/fonts'), log_level='DEBUG')
2026-05-12 22:09:17 | INFO     | my_app.app.bootstrap | bootstrap.py:40 | Application bootstrap finished.
2026-05-12 22:09:17 | INFO     | my_app.app.application | application.py:61 | Opening main window.
2026-05-12 22:09:17 | INFO     | my_app.app.application | application.py:56 | Theme loaded: /Users/piseth/developer/desktop-app/freecut-ai/assets/styles/theme.qss
2026-05-12 22:09:17 | INFO     | my_app.ui.windows.main_window | main_window.py:16 | MainWindow initialized.
2026-05-12 22:10:11 | INFO     | my_app.app.bootstrap | bootstrap.py:25 | Application bootstrap started.
2026-05-12 22:10:11 | INFO     | my_app.utils.font_manager | font_manager.py:49 | Loaded font family: Google Sans
2026-05-12 22:10:11 | INFO     | my_app.utils.font_manager | font_manager.py:49 | Loaded font family: Google Sans 17pt
2026-05-12 22:10:11 | INFO     | my_app.utils.font_manager | font_manager.py:55 | Loaded 18 font file(s).
2026-05-12 22:10:11 | DEBUG    | my_app.app.bootstrap | bootstrap.py:55 | Loading services with config: AppConfig(app_name='FreeCut AI', app_version='1.0.0', debug=True, theme_path=PosixPath('/Users/piseth/developer/desktop-app/freecut-ai/assets/styles/theme.qss'), fonts_path=PosixPath('/Users/piseth/developer/desktop-app/freecut-ai/assets/fonts'), log_level='DEBUG')
2026-05-12 22:10:12 | INFO     | my_app.app.bootstrap | bootstrap.py:40 | Application bootstrap finished.
2026-05-12 22:10:12 | INFO     | my_app.app.application | application.py:61 | Opening main window.
2026-05-12 22:10:12 | INFO     | my_app.app.application | application.py:56 | Theme loaded: /Users/piseth/developer/desktop-app/freecut-ai/assets/styles/theme.qss
2026-05-12 22:10:12 | INFO     | my_app.ui.windows.main_window | main_window.py:16 | MainWindow initialized.
2026-05-12 22:12:38 | INFO     | my_app.app.bootstrap | bootstrap.py:25 | Application bootstrap started.
2026-05-12 22:12:38 | INFO     | my_app.utils.font_manager | font_manager.py:49 | Loaded font family: Google Sans
2026-05-12 22:12:38 | INFO     | my_app.utils.font_manager | font_manager.py:49 | Loaded font family: Google Sans 17pt
2026-05-12 22:12:38 | INFO     | my_app.utils.font_manager | font_manager.py:55 | Loaded 18 font file(s).
2026-05-12 22:12:38 | DEBUG    | my_app.app.bootstrap | bootstrap.py:55 | Loading services with config: AppConfig(app_name='FreeCut AI', app_version='1.0.0', debug=True, theme_path=PosixPath('/Users/piseth/developer/desktop-app/freecut-ai/assets/styles/theme.qss'), fonts_path=PosixPath('/Users/piseth/developer/desktop-app/freecut-ai/assets/fonts'), log_level='DEBUG')
2026-05-12 22:12:39 | INFO     | my_app.app.bootstrap | bootstrap.py:40 | Application bootstrap finished.
2026-05-12 22:12:39 | INFO     | my_app.app.application | application.py:61 | Opening main window.
2026-05-12 22:12:39 | INFO     | my_app.app.application | application.py:56 | Theme loaded: /Users/piseth/developer/desktop-app/freecut-ai/assets/styles/theme.qss
2026-05-12 22:12:39 | INFO     | my_app.ui.windows.main_window | main_window.py:16 | MainWindow initialized.
2026-05-12 22:13:29 | INFO     | my_app.app.bootstrap | bootstrap.py:25 | Application bootstrap started.
2026-05-12 22:13:30 | INFO     | my_app.utils.font_manager | font_manager.py:49 | Loaded font family: Google Sans
2026-05-12 22:13:30 | INFO     | my_app.utils.font_manager | font_manager.py:49 | Loaded font family: Google Sans 17pt
2026-05-12 22:13:30 | INFO     | my_app.utils.font_manager | font_manager.py:55 | Loaded 18 font file(s).
2026-05-12 22:13:30 | DEBUG    | my_app.app.bootstrap | bootstrap.py:55 | Loading services with config: AppConfig(app_name='FreeCut AI', app_version='1.0.0', debug=True, theme_path=PosixPath('/Users/piseth/developer/desktop-app/freecut-ai/assets/styles/theme.qss'), fonts_path=PosixPath('/Users/piseth/developer/desktop-app/freecut-ai/assets/fonts'), log_level='DEBUG')
2026-05-12 22:13:30 | INFO     | my_app.app.bootstrap | bootstrap.py:40 | Application bootstrap finished.
2026-05-12 22:13:30 | INFO     | my_app.app.application | application.py:61 | Opening main window.
2026-05-12 22:13:30 | INFO     | my_app.app.application | application.py:56 | Theme loaded: /Users/piseth/developer/desktop-app/freecut-ai/assets/styles/theme.qss
2026-05-12 22:13:30 | INFO     | my_app.ui.windows.main_window | main_window.py:16 | MainWindow initialized.
2026-05-12 22:14:21 | INFO     | my_app.app.bootstrap | bootstrap.py:25 | Application bootstrap started.
2026-05-12 22:14:22 | INFO     | my_app.utils.font_manager | font_manager.py:49 | Loaded font family: Google Sans
2026-05-12 22:14:22 | INFO     | my_app.utils.font_manager | font_manager.py:49 | Loaded font family: Google Sans 17pt
2026-05-12 22:14:22 | INFO     | my_app.utils.font_manager | font_manager.py:55 | Loaded 18 font file(s).
2026-05-12 22:14:22 | DEBUG    | my_app.app.bootstrap | bootstrap.py:55 | Loading services with config: AppConfig(app_name='FreeCut AI', app_version='1.0.0', debug=True, theme_path=PosixPath('/Users/piseth/developer/desktop-app/freecut-ai/assets/styles/theme.qss'), fonts_path=PosixPath('/Users/piseth/developer/desktop-app/freecut-ai/assets/fonts'), log_level='DEBUG')
2026-05-12 22:14:22 | INFO     | my_app.app.bootstrap | bootstrap.py:40 | Application bootstrap finished.
2026-05-12 22:14:22 | INFO     | my_app.app.application | application.py:61 | Opening main window.
2026-05-12 22:14:22 | INFO     | my_app.app.application | application.py:56 | Theme loaded: /Users/piseth/developer/desktop-app/freecut-ai/assets/styles/theme.qss
2026-05-12 22:14:22 | INFO     | my_app.ui.windows.main_window | main_window.py:16 | MainWindow initialized.
2026-05-12 22:15:52 | INFO     | my_app.app.bootstrap | bootstrap.py:25 | Application bootstrap started.
2026-05-12 22:15:52 | INFO     | my_app.utils.font_manager | font_manager.py:49 | Loaded font family: Google Sans
2026-05-12 22:15:52 | INFO     | my_app.utils.font_manager | font_manager.py:49 | Loaded font family: Google Sans 17pt
2026-05-12 22:15:52 | INFO     | my_app.utils.font_manager | font_manager.py:55 | Loaded 18 font file(s).
2026-05-12 22:15:52 | DEBUG    | my_app.app.bootstrap | bootstrap.py:55 | Loading services with config: AppConfig(app_name='FreeCut AI', app_version='1.0.0', debug=True, theme_path=PosixPath('/Users/piseth/developer/desktop-app/freecut-ai/assets/styles/theme.qss'), fonts_path=PosixPath('/Users/piseth/developer/desktop-app/freecut-ai/assets/fonts'), log_level='DEBUG')
2026-05-12 22:15:53 | INFO     | my_app.app.bootstrap | bootstrap.py:40 | Application bootstrap finished.
2026-05-12 22:15:53 | INFO     | my_app.app.application | application.py:61 | Opening main window.
2026-05-12 22:15:53 | INFO     | my_app.app.application | application.py:56 | Theme loaded: /Users/piseth/developer/desktop-app/freecut-ai/assets/styles/theme.qss
2026-05-12 22:15:53 | INFO     | my_app.ui.windows.main_window | main_window.py:16 | MainWindow initialized.
2026-05-12 22:20:18 | INFO     | my_app.app.bootstrap | bootstrap.py:25 | Application bootstrap started.
2026-05-12 22:20:18 | INFO     | my_app.utils.font_manager | font_manager.py:49 | Loaded font family: Google Sans
2026-05-12 22:20:18 | INFO     | my_app.utils.font_manager | font_manager.py:49 | Loaded font family: Google Sans 17pt
2026-05-12 22:20:19 | INFO     | my_app.utils.font_manager | font_manager.py:55 | Loaded 18 font file(s).
2026-05-12 22:20:19 | DEBUG    | my_app.app.bootstrap | bootstrap.py:55 | Loading services with config: AppConfig(app_name='FreeCut AI', app_version='1.0.0', debug=True, theme_path=PosixPath('/Users/piseth/developer/desktop-app/freecut-ai/assets/styles/theme.qss'), fonts_path=PosixPath('/Users/piseth/developer/desktop-app/freecut-ai/assets/fonts'), log_level='DEBUG')
2026-05-12 22:20:19 | INFO     | my_app.app.bootstrap | bootstrap.py:40 | Application bootstrap finished.
2026-05-12 22:20:19 | INFO     | my_app.app.application | application.py:61 | Opening main window.
2026-05-12 22:20:19 | INFO     | my_app.app.application | application.py:56 | Theme loaded: /Users/piseth/developer/desktop-app/freecut-ai/assets/styles/theme.qss
2026-05-12 22:20:19 | INFO     | my_app.ui.windows.main_window | main_window.py:16 | MainWindow initialized.
2026-05-12 22:22:16 | INFO     | my_app.app.bootstrap | bootstrap.py:25 | Application bootstrap started.
2026-05-12 22:22:16 | INFO     | my_app.utils.font_manager | font_manager.py:49 | Loaded font family: Google Sans
2026-05-12 22:22:16 | INFO     | my_app.utils.font_manager | font_manager.py:49 | Loaded font family: Google Sans 17pt
2026-05-12 22:22:16 | INFO     | my_app.utils.font_manager | font_manager.py:55 | Loaded 18 font file(s).
2026-05-12 22:22:16 | DEBUG    | my_app.app.bootstrap | bootstrap.py:55 | Loading services with config: AppConfig(app_name='FreeCut AI', app_version='1.0.0', debug=True, theme_path=PosixPath('/Users/piseth/developer/desktop-app/freecut-ai/assets/styles/theme.qss'), fonts_path=PosixPath('/Users/piseth/developer/desktop-app/freecut-ai/assets/fonts'), log_level='DEBUG')
2026-05-12 22:22:16 | INFO     | my_app.app.bootstrap | bootstrap.py:40 | Application bootstrap finished.
2026-05-12 22:22:16 | INFO     | my_app.app.application | application.py:61 | Opening main window.
2026-05-12 22:22:16 | INFO     | my_app.app.application | application.py:56 | Theme loaded: /Users/piseth/developer/desktop-app/freecut-ai/assets/styles/theme.qss
2026-05-12 22:22:16 | INFO     | my_app.ui.windows.main_window | main_window.py:16 | MainWindow initialized.
2026-05-12 22:24:50 | INFO     | my_app.app.bootstrap | bootstrap.py:25 | Application bootstrap started.
2026-05-12 22:24:50 | INFO     | my_app.utils.font_manager | font_manager.py:49 | Loaded font family: Google Sans
2026-05-12 22:24:50 | INFO     | my_app.utils.font_manager | font_manager.py:49 | Loaded font family: Google Sans 17pt
2026-05-12 22:24:50 | INFO     | my_app.utils.font_manager | font_manager.py:55 | Loaded 18 font file(s).
2026-05-12 22:24:50 | DEBUG    | my_app.app.bootstrap | bootstrap.py:55 | Loading services with config: AppConfig(app_name='FreeCut AI', app_version='1.0.0', debug=True, theme_path=PosixPath('/Users/piseth/developer/desktop-app/freecut-ai/assets/styles/theme.qss'), fonts_path=PosixPath('/Users/piseth/developer/desktop-app/freecut-ai/assets/fonts'), log_level='DEBUG')
2026-05-12 22:24:51 | INFO     | my_app.app.bootstrap | bootstrap.py:40 | Application bootstrap finished.
2026-05-12 22:24:51 | INFO     | my_app.app.application | application.py:61 | Opening main window.
2026-05-12 22:24:51 | INFO     | my_app.app.application | application.py:56 | Theme loaded: /Users/piseth/developer/desktop-app/freecut-ai/assets/styles/theme.qss
2026-05-12 22:24:51 | INFO     | my_app.ui.windows.main_window | main_window.py:16 | MainWindow initialized.
2026-05-12 22:26:53 | INFO     | my_app.app.bootstrap | bootstrap.py:25 | Application bootstrap started.
2026-05-12 22:26:53 | INFO     | my_app.utils.font_manager | font_manager.py:49 | Loaded font family: Google Sans
2026-05-12 22:26:53 | INFO     | my_app.utils.font_manager | font_manager.py:49 | Loaded font family: Google Sans 17pt
2026-05-12 22:26:53 | INFO     | my_app.utils.font_manager | font_manager.py:55 | Loaded 18 font file(s).
2026-05-12 22:26:53 | DEBUG    | my_app.app.bootstrap | bootstrap.py:55 | Loading services with config: AppConfig(app_name='FreeCut AI', app_version='1.0.0', debug=True, theme_path=PosixPath('/Users/piseth/developer/desktop-app/freecut-ai/assets/styles/theme.qss'), fonts_path=PosixPath('/Users/piseth/developer/desktop-app/freecut-ai/assets/fonts'), log_level='DEBUG')
2026-05-12 22:26:53 | INFO     | my_app.app.bootstrap | bootstrap.py:40 | Application bootstrap finished.
2026-05-12 22:26:53 | INFO     | my_app.app.application | application.py:61 | Opening main window.
2026-05-12 22:26:53 | INFO     | my_app.app.application | application.py:56 | Theme loaded: /Users/piseth/developer/desktop-app/freecut-ai/assets/styles/theme.qss
2026-05-12 22:26:53 | INFO     | my_app.ui.windows.main_window | main_window.py:16 | MainWindow initialized.
2026-05-12 22:27:16 | INFO     | my_app.app.bootstrap | bootstrap.py:25 | Application bootstrap started.
2026-05-12 22:27:17 | INFO     | my_app.utils.font_manager | font_manager.py:49 | Loaded font family: Google Sans
2026-05-12 22:27:17 | INFO     | my_app.utils.font_manager | font_manager.py:49 | Loaded font family: Google Sans 17pt
2026-05-12 22:27:17 | INFO     | my_app.utils.font_manager | font_manager.py:55 | Loaded 18 font file(s).
2026-05-12 22:27:17 | DEBUG    | my_app.app.bootstrap | bootstrap.py:55 | Loading services with config: AppConfig(app_name='FreeCut AI', app_version='1.0.0', debug=True, theme_path=PosixPath('/Users/piseth/developer/desktop-app/freecut-ai/assets/styles/theme.qss'), fonts_path=PosixPath('/Users/piseth/developer/desktop-app/freecut-ai/assets/fonts'), log_level='DEBUG')
2026-05-12 22:27:17 | INFO     | my_app.app.bootstrap | bootstrap.py:40 | Application bootstrap finished.
2026-05-12 22:27:17 | INFO     | my_app.app.application | application.py:61 | Opening main window.
2026-05-12 22:27:17 | INFO     | my_app.app.application | application.py:56 | Theme loaded: /Users/piseth/developer/desktop-app/freecut-ai/assets/styles/theme.qss
2026-05-12 22:27:17 | INFO     | my_app.ui.windows.main_window | main_window.py:16 | MainWindow initialized.
2026-05-12 22:27:41 | INFO     | my_app.app.bootstrap | bootstrap.py:25 | Application bootstrap started.
2026-05-12 22:27:41 | INFO     | my_app.utils.font_manager | font_manager.py:49 | Loaded font family: Google Sans
2026-05-12 22:27:41 | INFO     | my_app.utils.font_manager | font_manager.py:49 | Loaded font family: Google Sans 17pt
2026-05-12 22:27:41 | INFO     | my_app.utils.font_manager | font_manager.py:55 | Loaded 18 font file(s).
2026-05-12 22:27:41 | DEBUG    | my_app.app.bootstrap | bootstrap.py:55 | Loading services with config: AppConfig(app_name='FreeCut AI', app_version='1.0.0', debug=True, theme_path=PosixPath('/Users/piseth/developer/desktop-app/freecut-ai/assets/styles/theme.qss'), fonts_path=PosixPath('/Users/piseth/developer/desktop-app/freecut-ai/assets/fonts'), log_level='DEBUG')
2026-05-12 22:27:42 | INFO     | my_app.app.bootstrap | bootstrap.py:40 | Application bootstrap finished.
2026-05-12 22:27:42 | INFO     | my_app.app.application | application.py:61 | Opening main window.
2026-05-12 22:27:42 | INFO     | my_app.app.application | application.py:56 | Theme loaded: /Users/piseth/developer/desktop-app/freecut-ai/assets/styles/theme.qss
2026-05-12 22:27:42 | INFO     | my_app.ui.windows.main_window | main_window.py:16 | MainWindow initialized.
2026-05-12 22:27:45 | INFO     | my_app.app.bootstrap | bootstrap.py:25 | Application bootstrap started.
2026-05-12 22:27:45 | INFO     | my_app.utils.font_manager | font_manager.py:49 | Loaded font family: Google Sans
2026-05-12 22:27:45 | INFO     | my_app.utils.font_manager | font_manager.py:49 | Loaded font family: Google Sans 17pt
2026-05-12 22:27:45 | INFO     | my_app.utils.font_manager | font_manager.py:55 | Loaded 18 font file(s).
2026-05-12 22:27:45 | DEBUG    | my_app.app.bootstrap | bootstrap.py:55 | Loading services with config: AppConfig(app_name='FreeCut AI', app_version='1.0.0', debug=True, theme_path=PosixPath('/Users/piseth/developer/desktop-app/freecut-ai/assets/styles/theme.qss'), fonts_path=PosixPath('/Users/piseth/developer/desktop-app/freecut-ai/assets/fonts'), log_level='DEBUG')
2026-05-12 22:27:46 | INFO     | my_app.app.bootstrap | bootstrap.py:40 | Application bootstrap finished.
2026-05-12 22:27:46 | INFO     | my_app.app.application | application.py:61 | Opening main window.
2026-05-12 22:27:46 | INFO     | my_app.app.application | application.py:56 | Theme loaded: /Users/piseth/developer/desktop-app/freecut-ai/assets/styles/theme.qss
2026-05-12 22:27:46 | INFO     | my_app.ui.windows.main_window | main_window.py:16 | MainWindow initialized.
2026-05-12 22:29:35 | INFO     | my_app.app.bootstrap | bootstrap.py:25 | Application bootstrap started.
2026-05-12 22:29:36 | INFO     | my_app.utils.font_manager | font_manager.py:49 | Loaded font family: Google Sans
2026-05-12 22:29:36 | INFO     | my_app.utils.font_manager | font_manager.py:49 | Loaded font family: Google Sans 17pt
2026-05-12 22:29:36 | INFO     | my_app.utils.font_manager | font_manager.py:55 | Loaded 18 font file(s).
2026-05-12 22:29:36 | DEBUG    | my_app.app.bootstrap | bootstrap.py:55 | Loading services with config: AppConfig(app_name='FreeCut AI', app_version='1.0.0', debug=True, theme_path=PosixPath('/Users/piseth/developer/desktop-app/freecut-ai/assets/styles/theme.qss'), fonts_path=PosixPath('/Users/piseth/developer/desktop-app/freecut-ai/assets/fonts'), log_level='DEBUG')
2026-05-12 22:29:36 | INFO     | my_app.app.bootstrap | bootstrap.py:40 | Application bootstrap finished.
2026-05-12 22:29:36 | INFO     | my_app.app.application | application.py:61 | Opening main window.
2026-05-12 22:29:36 | INFO     | my_app.app.application | application.py:56 | Theme loaded: /Users/piseth/developer/desktop-app/freecut-ai/assets/styles/theme.qss
2026-05-12 22:29:36 | INFO     | my_app.ui.windows.main_window | main_window.py:16 | MainWindow initialized.
2026-05-12 22:30:05 | INFO     | my_app.app.bootstrap | bootstrap.py:25 | Application bootstrap started.
2026-05-12 22:30:05 | INFO     | my_app.utils.font_manager | font_manager.py:49 | Loaded font family: Google Sans
2026-05-12 22:30:05 | INFO     | my_app.utils.font_manager | font_manager.py:49 | Loaded font family: Google Sans 17pt
2026-05-12 22:30:05 | INFO     | my_app.utils.font_manager | font_manager.py:55 | Loaded 18 font file(s).
2026-05-12 22:30:06 | DEBUG    | my_app.app.bootstrap | bootstrap.py:55 | Loading services with config: AppConfig(app_name='FreeCut AI', app_version='1.0.0', debug=True, theme_path=PosixPath('/Users/piseth/developer/desktop-app/freecut-ai/assets/styles/theme.qss'), fonts_path=PosixPath('/Users/piseth/developer/desktop-app/freecut-ai/assets/fonts'), log_level='DEBUG')
2026-05-12 22:30:06 | INFO     | my_app.app.bootstrap | bootstrap.py:40 | Application bootstrap finished.
2026-05-12 22:30:06 | INFO     | my_app.app.application | application.py:61 | Opening main window.
2026-05-12 22:30:06 | INFO     | my_app.app.application | application.py:56 | Theme loaded: /Users/piseth/developer/desktop-app/freecut-ai/assets/styles/theme.qss
2026-05-12 22:30:06 | INFO     | my_app.ui.windows.main_window | main_window.py:16 | MainWindow initialized.
2026-05-12 22:32:18 | INFO     | my_app.app.bootstrap | bootstrap.py:25 | Application bootstrap started.
2026-05-12 22:32:19 | INFO     | my_app.utils.font_manager | font_manager.py:49 | Loaded font family: Google Sans
2026-05-12 22:32:19 | INFO     | my_app.utils.font_manager | font_manager.py:49 | Loaded font family: Google Sans 17pt
2026-05-12 22:32:19 | INFO     | my_app.utils.font_manager | font_manager.py:55 | Loaded 18 font file(s).
2026-05-12 22:32:19 | DEBUG    | my_app.app.bootstrap | bootstrap.py:55 | Loading services with config: AppConfig(app_name='FreeCut AI', app_version='1.0.0', debug=True, theme_path=PosixPath('/Users/piseth/developer/desktop-app/freecut-ai/assets/styles/theme.qss'), fonts_path=PosixPath('/Users/piseth/developer/desktop-app/freecut-ai/assets/fonts'), log_level='DEBUG')
2026-05-12 22:32:19 | INFO     | my_app.app.bootstrap | bootstrap.py:40 | Application bootstrap finished.
2026-05-12 22:32:19 | INFO     | my_app.app.application | application.py:61 | Opening main window.
2026-05-12 22:32:19 | INFO     | my_app.app.application | application.py:56 | Theme loaded: /Users/piseth/developer/desktop-app/freecut-ai/assets/styles/theme.qss
2026-05-12 22:32:19 | INFO     | my_app.ui.windows.main_window | main_window.py:16 | MainWindow initialized.
2026-05-12 22:36:49 | INFO     | my_app.app.bootstrap | bootstrap.py:25 | Application bootstrap started.
2026-05-12 22:36:49 | INFO     | my_app.utils.font_manager | font_manager.py:49 | Loaded font family: Google Sans
2026-05-12 22:36:49 | INFO     | my_app.utils.font_manager | font_manager.py:49 | Loaded font family: Google Sans 17pt
2026-05-12 22:36:49 | INFO     | my_app.utils.font_manager | font_manager.py:55 | Loaded 18 font file(s).
2026-05-12 22:36:49 | DEBUG    | my_app.app.bootstrap | bootstrap.py:55 | Loading services with config: AppConfig(app_name='FreeCut AI', app_version='1.0.0', debug=True, theme_path=PosixPath('/Users/piseth/developer/desktop-app/freecut-ai/assets/styles/theme.qss'), fonts_path=PosixPath('/Users/piseth/developer/desktop-app/freecut-ai/assets/fonts'), log_level='DEBUG')
2026-05-12 22:36:50 | INFO     | my_app.app.bootstrap | bootstrap.py:40 | Application bootstrap finished.
2026-05-12 22:36:50 | INFO     | my_app.app.application | application.py:61 | Opening main window.
2026-05-12 22:36:50 | INFO     | my_app.app.application | application.py:56 | Theme loaded: /Users/piseth/developer/desktop-app/freecut-ai/assets/styles/theme.qss
2026-05-12 22:36:50 | INFO     | my_app.ui.windows.main_window | main_window.py:16 | MainWindow initialized.
2026-05-12 22:41:43 | INFO     | my_app.app.bootstrap | bootstrap.py:25 | Application bootstrap started.
2026-05-12 22:41:43 | INFO     | my_app.utils.font_manager | font_manager.py:49 | Loaded font family: Google Sans
2026-05-12 22:41:43 | INFO     | my_app.utils.font_manager | font_manager.py:49 | Loaded font family: Google Sans 17pt
2026-05-12 22:41:43 | INFO     | my_app.utils.font_manager | font_manager.py:55 | Loaded 18 font file(s).
2026-05-12 22:41:44 | DEBUG    | my_app.app.bootstrap | bootstrap.py:55 | Loading services with config: AppConfig(app_name='FreeCut AI', app_version='1.0.0', debug=True, theme_path=PosixPath('/Users/piseth/developer/desktop-app/freecut-ai/assets/styles/theme.qss'), fonts_path=PosixPath('/Users/piseth/developer/desktop-app/freecut-ai/assets/fonts'), log_level='DEBUG')
2026-05-12 22:41:44 | INFO     | my_app.app.bootstrap | bootstrap.py:40 | Application bootstrap finished.
2026-05-12 22:41:44 | INFO     | my_app.app.application | application.py:61 | Opening main window.
2026-05-12 22:41:44 | INFO     | my_app.app.application | application.py:56 | Theme loaded: /Users/piseth/developer/desktop-app/freecut-ai/assets/styles/theme.qss
2026-05-12 22:41:44 | INFO     | my_app.ui.windows.main_window | main_window.py:16 | MainWindow initialized.
2026-05-12 22:42:02 | INFO     | my_app.app.bootstrap | bootstrap.py:25 | Application bootstrap started.
2026-05-12 22:42:02 | INFO     | my_app.utils.font_manager | font_manager.py:49 | Loaded font family: Google Sans
2026-05-12 22:42:02 | INFO     | my_app.utils.font_manager | font_manager.py:49 | Loaded font family: Google Sans 17pt
2026-05-12 22:42:02 | INFO     | my_app.utils.font_manager | font_manager.py:55 | Loaded 18 font file(s).
2026-05-12 22:42:02 | DEBUG    | my_app.app.bootstrap | bootstrap.py:55 | Loading services with config: AppConfig(app_name='FreeCut AI', app_version='1.0.0', debug=True, theme_path=PosixPath('/Users/piseth/developer/desktop-app/freecut-ai/assets/styles/theme.qss'), fonts_path=PosixPath('/Users/piseth/developer/desktop-app/freecut-ai/assets/fonts'), log_level='DEBUG')
2026-05-12 22:42:03 | INFO     | my_app.app.bootstrap | bootstrap.py:40 | Application bootstrap finished.
2026-05-12 22:42:03 | INFO     | my_app.app.application | application.py:61 | Opening main window.
2026-05-12 22:42:03 | INFO     | my_app.app.application | application.py:56 | Theme loaded: /Users/piseth/developer/desktop-app/freecut-ai/assets/styles/theme.qss
2026-05-12 22:42:03 | INFO     | my_app.ui.windows.main_window | main_window.py:16 | MainWindow initialized.
2026-05-12 22:43:26 | INFO     | my_app.app.bootstrap | bootstrap.py:25 | Application bootstrap started.
2026-05-12 22:43:27 | INFO     | my_app.utils.font_manager | font_manager.py:49 | Loaded font family: Google Sans
2026-05-12 22:43:27 | INFO     | my_app.utils.font_manager | font_manager.py:49 | Loaded font family: Google Sans 17pt
2026-05-12 22:43:27 | INFO     | my_app.utils.font_manager | font_manager.py:55 | Loaded 18 font file(s).
2026-05-12 22:43:27 | DEBUG    | my_app.app.bootstrap | bootstrap.py:55 | Loading services with config: AppConfig(app_name='FreeCut AI', app_version='1.0.0', debug=True, theme_path=PosixPath('/Users/piseth/developer/desktop-app/freecut-ai/assets/styles/theme.qss'), fonts_path=PosixPath('/Users/piseth/developer/desktop-app/freecut-ai/assets/fonts'), log_level='DEBUG')
2026-05-12 22:43:27 | INFO     | my_app.app.bootstrap | bootstrap.py:40 | Application bootstrap finished.
2026-05-12 22:43:27 | INFO     | my_app.app.application | application.py:61 | Opening main window.
2026-05-12 22:43:27 | INFO     | my_app.app.application | application.py:56 | Theme loaded: /Users/piseth/developer/desktop-app/freecut-ai/assets/styles/theme.qss
2026-05-12 22:43:27 | INFO     | my_app.ui.windows.main_window | main_window.py:16 | MainWindow initialized.
2026-05-12 22:53:48 | INFO     | my_app.app.bootstrap | bootstrap.py:25 | Application bootstrap started.
2026-05-12 22:53:48 | INFO     | my_app.utils.font_manager | font_manager.py:49 | Loaded font family: Google Sans
2026-05-12 22:53:48 | INFO     | my_app.utils.font_manager | font_manager.py:49 | Loaded font family: Google Sans 17pt
2026-05-12 22:53:48 | INFO     | my_app.utils.font_manager | font_manager.py:55 | Loaded 18 font file(s).
2026-05-12 22:53:48 | DEBUG    | my_app.app.bootstrap | bootstrap.py:55 | Loading services with config: AppConfig(app_name='FreeCut AI', app_version='1.0.0', debug=True, theme_path=PosixPath('/Users/piseth/developer/desktop-app/freecut-ai/assets/styles/theme.qss'), fonts_path=PosixPath('/Users/piseth/developer/desktop-app/freecut-ai/assets/fonts'), log_level='DEBUG')
2026-05-12 22:53:49 | INFO     | my_app.app.bootstrap | bootstrap.py:40 | Application bootstrap finished.
2026-05-12 22:53:49 | INFO     | my_app.app.application | application.py:61 | Opening main window.
2026-05-12 22:53:49 | INFO     | my_app.app.application | application.py:56 | Theme loaded: /Users/piseth/developer/desktop-app/freecut-ai/assets/styles/theme.qss
2026-05-12 22:53:49 | INFO     | my_app.ui.windows.main_window | main_window.py:16 | MainWindow initialized.
2026-05-12 22:54:14 | INFO     | my_app.ui.layouts.editor_layout | editor_layout.py:97 | Selected video: /Users/piseth/Desktop/AI Dubbing Studio/Projects/test01/input/走火入魔.mp4
2026-05-12 22:54:14 | INFO     | my_app.ui.layouts.editor_layout | editor_layout.py:102 | Current project video: /Users/piseth/Desktop/AI Dubbing Studio/Projects/test01/input/走火入魔.mp4
2026-05-12 22:54:42 | INFO     | my_app.app.bootstrap | bootstrap.py:25 | Application bootstrap started.
2026-05-12 22:54:43 | INFO     | my_app.utils.font_manager | font_manager.py:49 | Loaded font family: Google Sans
2026-05-12 22:54:43 | INFO     | my_app.utils.font_manager | font_manager.py:49 | Loaded font family: Google Sans 17pt
2026-05-12 22:54:43 | INFO     | my_app.utils.font_manager | font_manager.py:55 | Loaded 18 font file(s).
2026-05-12 22:54:43 | DEBUG    | my_app.app.bootstrap | bootstrap.py:55 | Loading services with config: AppConfig(app_name='FreeCut AI', app_version='1.0.0', debug=True, theme_path=PosixPath('/Users/piseth/developer/desktop-app/freecut-ai/assets/styles/theme.qss'), fonts_path=PosixPath('/Users/piseth/developer/desktop-app/freecut-ai/assets/fonts'), log_level='DEBUG')
2026-05-12 22:54:43 | INFO     | my_app.app.bootstrap | bootstrap.py:40 | Application bootstrap finished.
2026-05-12 22:54:43 | INFO     | my_app.app.application | application.py:61 | Opening main window.
2026-05-12 22:54:43 | INFO     | my_app.app.application | application.py:56 | Theme loaded: /Users/piseth/developer/desktop-app/freecut-ai/assets/styles/theme.qss
2026-05-12 22:54:43 | INFO     | my_app.ui.windows.main_window | main_window.py:16 | MainWindow initialized.
2026-05-12 22:54:47 | INFO     | my_app.ui.layouts.editor_layout | editor_layout.py:88 | Video selection cancelled.
2026-05-12 22:55:59 | INFO     | my_app.ui.layouts.editor_layout | editor_layout.py:97 | Selected video: /Users/piseth/Desktop/Movie/ep1.mp4
2026-05-12 22:55:59 | INFO     | my_app.ui.layouts.editor_layout | editor_layout.py:102 | Current project video: /Users/piseth/Desktop/Movie/ep1.mp4
2026-05-12 22:57:36 | INFO     | my_app.app.bootstrap | bootstrap.py:25 | Application bootstrap started.
2026-05-12 22:57:36 | INFO     | my_app.utils.font_manager | font_manager.py:49 | Loaded font family: Google Sans
2026-05-12 22:57:36 | INFO     | my_app.utils.font_manager | font_manager.py:49 | Loaded font family: Google Sans 17pt
2026-05-12 22:57:36 | INFO     | my_app.utils.font_manager | font_manager.py:55 | Loaded 18 font file(s).
2026-05-12 22:57:36 | DEBUG    | my_app.app.bootstrap | bootstrap.py:55 | Loading services with config: AppConfig(app_name='FreeCut AI', app_version='1.0.0', debug=True, theme_path=PosixPath('/Users/piseth/developer/desktop-app/freecut-ai/assets/styles/theme.qss'), fonts_path=PosixPath('/Users/piseth/developer/desktop-app/freecut-ai/assets/fonts'), log_level='DEBUG')
2026-05-12 22:57:37 | INFO     | my_app.app.bootstrap | bootstrap.py:40 | Application bootstrap finished.
2026-05-12 22:57:37 | INFO     | my_app.app.application | application.py:61 | Opening main window.
2026-05-12 22:57:37 | INFO     | my_app.app.application | application.py:56 | Theme loaded: /Users/piseth/developer/desktop-app/freecut-ai/assets/styles/theme.qss
2026-05-12 22:57:37 | INFO     | my_app.ui.windows.main_window | main_window.py:16 | MainWindow initialized.
2026-05-12 22:57:47 | INFO     | my_app.ui.layouts.editor_layout | editor_layout.py:97 | Selected video: /Users/piseth/Desktop/Movie/ep1.mp4
2026-05-12 22:57:47 | INFO     | my_app.ui.layouts.editor_layout | editor_layout.py:102 | Current project video: /Users/piseth/Desktop/Movie/ep1.mp4
2026-05-12 23:13:55 | INFO     | my_app.app.bootstrap | bootstrap.py:25 | Application bootstrap started.
2026-05-12 23:13:56 | INFO     | my_app.utils.font_manager | font_manager.py:49 | Loaded font family: Google Sans
2026-05-12 23:13:56 | INFO     | my_app.utils.font_manager | font_manager.py:49 | Loaded font family: Google Sans 17pt
2026-05-12 23:13:56 | INFO     | my_app.utils.font_manager | font_manager.py:55 | Loaded 18 font file(s).
2026-05-12 23:13:56 | DEBUG    | my_app.app.bootstrap | bootstrap.py:55 | Loading services with config: AppConfig(app_name='FreeCut AI', app_version='1.0.0', debug=True, theme_path=PosixPath('/Users/piseth/developer/desktop-app/freecut-ai/assets/styles/theme.qss'), fonts_path=PosixPath('/Users/piseth/developer/desktop-app/freecut-ai/assets/fonts'), log_level='DEBUG')
2026-05-12 23:13:56 | INFO     | my_app.app.bootstrap | bootstrap.py:40 | Application bootstrap finished.
2026-05-12 23:13:56 | INFO     | my_app.app.application | application.py:61 | Opening main window.
2026-05-12 23:13:56 | INFO     | my_app.app.application | application.py:56 | Theme loaded: /Users/piseth/developer/desktop-app/freecut-ai/assets/styles/theme.qss
2026-05-12 23:13:56 | INFO     | my_app.ui.windows.main_window | main_window.py:16 | MainWindow initialized.
2026-05-12 23:14:02 | INFO     | my_app.ui.layouts.editor_layout | editor_layout.py:97 | Selected video: /Users/piseth/Desktop/Movie/ep1.mp4
2026-05-12 23:14:02 | INFO     | my_app.ui.layouts.editor_layout | editor_layout.py:102 | Current project video: /Users/piseth/Desktop/Movie/ep1.mp4
2026-05-12 23:15:48 | INFO     | my_app.app.bootstrap | bootstrap.py:25 | Application bootstrap started.
2026-05-12 23:15:48 | INFO     | my_app.utils.font_manager | font_manager.py:49 | Loaded font family: Google Sans
2026-05-12 23:15:48 | INFO     | my_app.utils.font_manager | font_manager.py:49 | Loaded font family: Google Sans 17pt
2026-05-12 23:15:48 | INFO     | my_app.utils.font_manager | font_manager.py:55 | Loaded 18 font file(s).
2026-05-12 23:15:48 | DEBUG    | my_app.app.bootstrap | bootstrap.py:55 | Loading services with config: AppConfig(app_name='FreeCut AI', app_version='1.0.0', debug=True, theme_path=PosixPath('/Users/piseth/developer/desktop-app/freecut-ai/assets/styles/theme.qss'), fonts_path=PosixPath('/Users/piseth/developer/desktop-app/freecut-ai/assets/fonts'), log_level='DEBUG')
2026-05-12 23:15:49 | INFO     | my_app.app.bootstrap | bootstrap.py:40 | Application bootstrap finished.
2026-05-12 23:15:49 | INFO     | my_app.app.application | application.py:61 | Opening main window.
2026-05-12 23:15:49 | INFO     | my_app.app.application | application.py:56 | Theme loaded: /Users/piseth/developer/desktop-app/freecut-ai/assets/styles/theme.qss
2026-05-12 23:15:49 | INFO     | my_app.ui.windows.main_window | main_window.py:16 | MainWindow initialized.
2026-05-12 23:15:55 | INFO     | my_app.ui.layouts.editor_layout | editor_layout.py:97 | Selected video: /Users/piseth/Desktop/Movie/ep1.mp4
2026-05-12 23:15:55 | INFO     | my_app.ui.layouts.editor_layout | editor_layout.py:102 | Current project video: /Users/piseth/Desktop/Movie/ep1.mp4
2026-05-12 23:24:10 | INFO     | my_app.app.bootstrap | bootstrap.py:25 | Application bootstrap started.
2026-05-12 23:24:10 | INFO     | my_app.utils.font_manager | font_manager.py:49 | Loaded font family: Google Sans
2026-05-12 23:24:10 | INFO     | my_app.utils.font_manager | font_manager.py:49 | Loaded font family: Google Sans 17pt
2026-05-12 23:24:10 | INFO     | my_app.utils.font_manager | font_manager.py:55 | Loaded 18 font file(s).
2026-05-12 23:24:10 | DEBUG    | my_app.app.bootstrap | bootstrap.py:55 | Loading services with config: AppConfig(app_name='FreeCut AI', app_version='1.0.0', debug=True, theme_path=PosixPath('/Users/piseth/developer/desktop-app/freecut-ai/assets/styles/theme.qss'), fonts_path=PosixPath('/Users/piseth/developer/desktop-app/freecut-ai/assets/fonts'), log_level='DEBUG')
2026-05-12 23:24:10 | INFO     | my_app.app.bootstrap | bootstrap.py:40 | Application bootstrap finished.
2026-05-12 23:24:10 | INFO     | my_app.app.application | application.py:61 | Opening main window.
2026-05-12 23:24:10 | INFO     | my_app.app.application | application.py:56 | Theme loaded: /Users/piseth/developer/desktop-app/freecut-ai/assets/styles/theme.qss
2026-05-12 23:24:10 | INFO     | my_app.ui.windows.main_window | main_window.py:16 | MainWindow initialized.
2026-05-12 23:25:50 | INFO     | my_app.app.bootstrap | bootstrap.py:25 | Application bootstrap started.
2026-05-12 23:25:50 | INFO     | my_app.utils.font_manager | font_manager.py:49 | Loaded font family: Google Sans
2026-05-12 23:25:50 | INFO     | my_app.utils.font_manager | font_manager.py:49 | Loaded font family: Google Sans 17pt
2026-05-12 23:25:50 | INFO     | my_app.utils.font_manager | font_manager.py:55 | Loaded 18 font file(s).
2026-05-12 23:25:50 | DEBUG    | my_app.app.bootstrap | bootstrap.py:55 | Loading services with config: AppConfig(app_name='FreeCut AI', app_version='1.0.0', debug=True, theme_path=PosixPath('/Users/piseth/developer/desktop-app/freecut-ai/assets/styles/theme.qss'), fonts_path=PosixPath('/Users/piseth/developer/desktop-app/freecut-ai/assets/fonts'), log_level='DEBUG')
2026-05-12 23:25:50 | INFO     | my_app.app.bootstrap | bootstrap.py:40 | Application bootstrap finished.
2026-05-12 23:25:50 | INFO     | my_app.app.application | application.py:61 | Opening main window.
2026-05-12 23:25:50 | INFO     | my_app.app.application | application.py:56 | Theme loaded: /Users/piseth/developer/desktop-app/freecut-ai/assets/styles/theme.qss
2026-05-12 23:25:50 | INFO     | my_app.ui.windows.main_window | main_window.py:16 | MainWindow initialized.
2026-05-12 23:25:56 | INFO     | my_app.ui.layouts.editor_layout | editor_layout.py:136 | Imported SRT: /Users/piseth/Desktop/Movie/走火入魔 (1).srt | segments=38
2026-05-12 23:27:14 | INFO     | my_app.app.bootstrap | bootstrap.py:25 | Application bootstrap started.
2026-05-12 23:27:15 | INFO     | my_app.utils.font_manager | font_manager.py:49 | Loaded font family: Google Sans
2026-05-12 23:27:15 | INFO     | my_app.utils.font_manager | font_manager.py:49 | Loaded font family: Google Sans 17pt
2026-05-12 23:27:15 | INFO     | my_app.utils.font_manager | font_manager.py:55 | Loaded 18 font file(s).
2026-05-12 23:27:15 | DEBUG    | my_app.app.bootstrap | bootstrap.py:55 | Loading services with config: AppConfig(app_name='FreeCut AI', app_version='1.0.0', debug=True, theme_path=PosixPath('/Users/piseth/developer/desktop-app/freecut-ai/assets/styles/theme.qss'), fonts_path=PosixPath('/Users/piseth/developer/desktop-app/freecut-ai/assets/fonts'), log_level='DEBUG')
2026-05-12 23:27:15 | INFO     | my_app.app.bootstrap | bootstrap.py:40 | Application bootstrap finished.
2026-05-12 23:27:15 | INFO     | my_app.app.application | application.py:61 | Opening main window.
2026-05-12 23:27:15 | INFO     | my_app.app.application | application.py:56 | Theme loaded: /Users/piseth/developer/desktop-app/freecut-ai/assets/styles/theme.qss
2026-05-12 23:27:15 | INFO     | my_app.ui.windows.main_window | main_window.py:16 | MainWindow initialized.
2026-05-12 23:27:21 | INFO     | my_app.ui.layouts.editor_layout | editor_layout.py:136 | Imported SRT: /Users/piseth/Desktop/Movie/走火入魔 (1).srt | segments=38
2026-05-12 23:27:41 | INFO     | my_app.app.bootstrap | bootstrap.py:25 | Application bootstrap started.
2026-05-12 23:27:41 | INFO     | my_app.utils.font_manager | font_manager.py:49 | Loaded font family: Google Sans
2026-05-12 23:27:41 | INFO     | my_app.utils.font_manager | font_manager.py:49 | Loaded font family: Google Sans 17pt
2026-05-12 23:27:41 | INFO     | my_app.utils.font_manager | font_manager.py:55 | Loaded 18 font file(s).
2026-05-12 23:27:42 | DEBUG    | my_app.app.bootstrap | bootstrap.py:55 | Loading services with config: AppConfig(app_name='FreeCut AI', app_version='1.0.0', debug=True, theme_path=PosixPath('/Users/piseth/developer/desktop-app/freecut-ai/assets/styles/theme.qss'), fonts_path=PosixPath('/Users/piseth/developer/desktop-app/freecut-ai/assets/fonts'), log_level='DEBUG')
2026-05-12 23:27:42 | INFO     | my_app.app.bootstrap | bootstrap.py:40 | Application bootstrap finished.
2026-05-12 23:27:42 | INFO     | my_app.app.application | application.py:61 | Opening main window.
2026-05-12 23:27:42 | INFO     | my_app.app.application | application.py:56 | Theme loaded: /Users/piseth/developer/desktop-app/freecut-ai/assets/styles/theme.qss
2026-05-12 23:27:42 | INFO     | my_app.ui.windows.main_window | main_window.py:16 | MainWindow initialized.
2026-05-12 23:27:47 | INFO     | my_app.ui.layouts.editor_layout | editor_layout.py:103 | Selected video: /Users/piseth/Desktop/Movie/ep1.mp4
2026-05-12 23:27:47 | INFO     | my_app.ui.layouts.editor_layout | editor_layout.py:108 | Current project video: /Users/piseth/Desktop/Movie/ep1.mp4
2026-05-12 23:27:52 | INFO     | my_app.ui.layouts.editor_layout | editor_layout.py:136 | Imported SRT: /Users/piseth/Desktop/Movie/走火入魔 (1).srt | segments=38
2026-05-12 23:27:52 | INFO     | my_app.ui.layouts.editor_layout | editor_layout.py:142 | Subtitle table updated with 38 segment(s).
2026-05-12 23:28:18 | INFO     | my_app.app.bootstrap | bootstrap.py:25 | Application bootstrap started.
2026-05-12 23:28:18 | INFO     | my_app.utils.font_manager | font_manager.py:49 | Loaded font family: Google Sans
2026-05-12 23:28:18 | INFO     | my_app.utils.font_manager | font_manager.py:49 | Loaded font family: Google Sans 17pt
2026-05-12 23:28:18 | INFO     | my_app.utils.font_manager | font_manager.py:55 | Loaded 18 font file(s).
2026-05-12 23:28:19 | DEBUG    | my_app.app.bootstrap | bootstrap.py:55 | Loading services with config: AppConfig(app_name='FreeCut AI', app_version='1.0.0', debug=True, theme_path=PosixPath('/Users/piseth/developer/desktop-app/freecut-ai/assets/styles/theme.qss'), fonts_path=PosixPath('/Users/piseth/developer/desktop-app/freecut-ai/assets/fonts'), log_level='DEBUG')
2026-05-12 23:28:19 | INFO     | my_app.app.bootstrap | bootstrap.py:40 | Application bootstrap finished.
2026-05-12 23:28:19 | INFO     | my_app.app.application | application.py:61 | Opening main window.
2026-05-12 23:28:19 | INFO     | my_app.app.application | application.py:56 | Theme loaded: /Users/piseth/developer/desktop-app/freecut-ai/assets/styles/theme.qss
2026-05-12 23:28:19 | INFO     | my_app.ui.windows.main_window | main_window.py:16 | MainWindow initialized.
2026-05-12 23:28:24 | INFO     | my_app.ui.layouts.editor_layout | editor_layout.py:103 | Selected video: /Users/piseth/Desktop/Movie/ep1.mp4
2026-05-12 23:28:24 | INFO     | my_app.ui.layouts.editor_layout | editor_layout.py:108 | Current project video: /Users/piseth/Desktop/Movie/ep1.mp4
2026-05-12 23:28:27 | INFO     | my_app.ui.layouts.editor_layout | editor_layout.py:136 | Imported SRT: /Users/piseth/Desktop/Movie/走火入魔 (1).srt | segments=38
2026-05-12 23:28:27 | INFO     | my_app.ui.layouts.editor_layout | editor_layout.py:142 | Subtitle table updated with 38 segment(s).
2026-05-12 23:30:25 | INFO     | my_app.ui.layouts.editor_layout | editor_layout.py:136 | Imported SRT: /Users/piseth/Desktop/Movie/ep1.srt | segments=30
2026-05-12 23:30:25 | INFO     | my_app.ui.layouts.editor_layout | editor_layout.py:142 | Subtitle table updated with 30 segment(s).
2026-05-12 23:32:32 | INFO     | my_app.app.bootstrap | bootstrap.py:25 | Application bootstrap started.
2026-05-12 23:32:32 | INFO     | my_app.utils.font_manager | font_manager.py:49 | Loaded font family: Google Sans
2026-05-12 23:32:32 | INFO     | my_app.utils.font_manager | font_manager.py:49 | Loaded font family: Google Sans 17pt
2026-05-12 23:32:32 | INFO     | my_app.utils.font_manager | font_manager.py:55 | Loaded 18 font file(s).
2026-05-12 23:32:32 | DEBUG    | my_app.app.bootstrap | bootstrap.py:55 | Loading services with config: AppConfig(app_name='FreeCut AI', app_version='1.0.0', debug=True, theme_path=PosixPath('/Users/piseth/developer/desktop-app/freecut-ai/assets/styles/theme.qss'), fonts_path=PosixPath('/Users/piseth/developer/desktop-app/freecut-ai/assets/fonts'), log_level='DEBUG')
2026-05-12 23:32:33 | INFO     | my_app.app.bootstrap | bootstrap.py:40 | Application bootstrap finished.
2026-05-12 23:32:33 | INFO     | my_app.app.application | application.py:61 | Opening main window.
2026-05-12 23:32:33 | INFO     | my_app.app.application | application.py:56 | Theme loaded: /Users/piseth/developer/desktop-app/freecut-ai/assets/styles/theme.qss
2026-05-12 23:32:33 | INFO     | my_app.ui.windows.main_window | main_window.py:16 | MainWindow initialized.
2026-05-12 23:32:38 | INFO     | my_app.ui.layouts.editor_layout | editor_layout.py:103 | Selected video: /Users/piseth/Desktop/Movie/ep1.mp4
2026-05-12 23:32:38 | INFO     | my_app.ui.layouts.editor_layout | editor_layout.py:108 | Current project video: /Users/piseth/Desktop/Movie/ep1.mp4
2026-05-12 23:32:42 | INFO     | my_app.ui.layouts.editor_layout | editor_layout.py:139 | Imported SRT: /Users/piseth/Desktop/Movie/ep1.srt | segments=30
2026-05-12 23:32:42 | INFO     | my_app.ui.layouts.editor_layout | editor_layout.py:145 | Subtitle table updated with 30 segment(s).
2026-05-12 23:34:52 | INFO     | my_app.app.bootstrap | bootstrap.py:25 | Application bootstrap started.
2026-05-12 23:34:52 | INFO     | my_app.utils.font_manager | font_manager.py:49 | Loaded font family: Google Sans
2026-05-12 23:34:52 | INFO     | my_app.utils.font_manager | font_manager.py:49 | Loaded font family: Google Sans 17pt
2026-05-12 23:34:52 | INFO     | my_app.utils.font_manager | font_manager.py:55 | Loaded 18 font file(s).
2026-05-12 23:34:52 | DEBUG    | my_app.app.bootstrap | bootstrap.py:55 | Loading services with config: AppConfig(app_name='FreeCut AI', app_version='1.0.0', debug=True, theme_path=PosixPath('/Users/piseth/developer/desktop-app/freecut-ai/assets/styles/theme.qss'), fonts_path=PosixPath('/Users/piseth/developer/desktop-app/freecut-ai/assets/fonts'), log_level='DEBUG')
2026-05-12 23:34:53 | INFO     | my_app.app.bootstrap | bootstrap.py:40 | Application bootstrap finished.
2026-05-12 23:34:53 | INFO     | my_app.app.application | application.py:61 | Opening main window.
2026-05-12 23:34:53 | INFO     | my_app.app.application | application.py:56 | Theme loaded: /Users/piseth/developer/desktop-app/freecut-ai/assets/styles/theme.qss
2026-05-12 23:34:53 | INFO     | my_app.ui.windows.main_window | main_window.py:16 | MainWindow initialized.
2026-05-12 23:34:59 | INFO     | my_app.ui.layouts.editor_layout | editor_layout.py:103 | Selected video: /Users/piseth/Desktop/Movie/ep1.mp4
2026-05-12 23:34:59 | INFO     | my_app.ui.layouts.editor_layout | editor_layout.py:108 | Current project video: /Users/piseth/Desktop/Movie/ep1.mp4
2026-05-12 23:35:02 | INFO     | my_app.ui.layouts.editor_layout | editor_layout.py:139 | Imported SRT: /Users/piseth/Desktop/Movie/ep1.srt | segments=30
2026-05-12 23:35:02 | INFO     | my_app.ui.layouts.editor_layout | editor_layout.py:145 | Subtitle table updated with 30 segment(s).
2026-05-12 23:46:58 | INFO     | my_app.app.bootstrap | bootstrap.py:25 | Application bootstrap started.
2026-05-12 23:46:58 | INFO     | my_app.utils.font_manager | font_manager.py:49 | Loaded font family: Google Sans
2026-05-12 23:46:58 | INFO     | my_app.utils.font_manager | font_manager.py:49 | Loaded font family: Google Sans 17pt
2026-05-12 23:46:58 | INFO     | my_app.utils.font_manager | font_manager.py:55 | Loaded 18 font file(s).
2026-05-12 23:46:58 | DEBUG    | my_app.app.bootstrap | bootstrap.py:55 | Loading services with config: AppConfig(app_name='FreeCut AI', app_version='1.0.0', debug=True, theme_path=PosixPath('/Users/piseth/developer/desktop-app/freecut-ai/assets/styles/theme.qss'), fonts_path=PosixPath('/Users/piseth/developer/desktop-app/freecut-ai/assets/fonts'), log_level='DEBUG')
2026-05-12 23:46:59 | INFO     | my_app.app.bootstrap | bootstrap.py:40 | Application bootstrap finished.
2026-05-12 23:46:59 | INFO     | my_app.app.application | application.py:61 | Opening main window.
2026-05-12 23:46:59 | INFO     | my_app.app.application | application.py:56 | Theme loaded: /Users/piseth/developer/desktop-app/freecut-ai/assets/styles/theme.qss
2026-05-12 23:46:59 | INFO     | my_app.ui.windows.main_window | main_window.py:16 | MainWindow initialized.
2026-05-12 23:47:31 | INFO     | my_app.app.bootstrap | bootstrap.py:25 | Application bootstrap started.
2026-05-12 23:47:31 | INFO     | my_app.utils.font_manager | font_manager.py:49 | Loaded font family: Google Sans
2026-05-12 23:47:31 | INFO     | my_app.utils.font_manager | font_manager.py:49 | Loaded font family: Google Sans 17pt
2026-05-12 23:47:31 | INFO     | my_app.utils.font_manager | font_manager.py:55 | Loaded 18 font file(s).
2026-05-12 23:47:31 | DEBUG    | my_app.app.bootstrap | bootstrap.py:55 | Loading services with config: AppConfig(app_name='FreeCut AI', app_version='1.0.0', debug=True, theme_path=PosixPath('/Users/piseth/developer/desktop-app/freecut-ai/assets/styles/theme.qss'), fonts_path=PosixPath('/Users/piseth/developer/desktop-app/freecut-ai/assets/fonts'), log_level='DEBUG')
2026-05-12 23:47:32 | INFO     | my_app.app.bootstrap | bootstrap.py:40 | Application bootstrap finished.
2026-05-12 23:47:32 | INFO     | my_app.app.application | application.py:61 | Opening main window.
2026-05-12 23:47:32 | INFO     | my_app.app.application | application.py:56 | Theme loaded: /Users/piseth/developer/desktop-app/freecut-ai/assets/styles/theme.qss
2026-05-12 23:47:32 | INFO     | my_app.ui.windows.main_window | main_window.py:16 | MainWindow initialized.
2026-05-12 23:47:54 | INFO     | my_app.app.bootstrap | bootstrap.py:25 | Application bootstrap started.
2026-05-12 23:47:55 | INFO     | my_app.utils.font_manager | font_manager.py:49 | Loaded font family: Google Sans
2026-05-12 23:47:55 | INFO     | my_app.utils.font_manager | font_manager.py:49 | Loaded font family: Google Sans 17pt
2026-05-12 23:47:55 | INFO     | my_app.utils.font_manager | font_manager.py:55 | Loaded 18 font file(s).
2026-05-12 23:47:55 | DEBUG    | my_app.app.bootstrap | bootstrap.py:55 | Loading services with config: AppConfig(app_name='FreeCut AI', app_version='1.0.0', debug=True, theme_path=PosixPath('/Users/piseth/developer/desktop-app/freecut-ai/assets/styles/theme.qss'), fonts_path=PosixPath('/Users/piseth/developer/desktop-app/freecut-ai/assets/fonts'), log_level='DEBUG')
2026-05-12 23:47:55 | INFO     | my_app.app.bootstrap | bootstrap.py:40 | Application bootstrap finished.
2026-05-12 23:47:55 | INFO     | my_app.app.application | application.py:61 | Opening main window.
2026-05-12 23:47:55 | INFO     | my_app.app.application | application.py:56 | Theme loaded: /Users/piseth/developer/desktop-app/freecut-ai/assets/styles/theme.qss
2026-05-12 23:47:55 | INFO     | my_app.ui.windows.main_window | main_window.py:16 | MainWindow initialized.
2026-05-12 23:48:17 | INFO     | my_app.app.bootstrap | bootstrap.py:25 | Application bootstrap started.
2026-05-12 23:48:18 | INFO     | my_app.utils.font_manager | font_manager.py:49 | Loaded font family: Google Sans
2026-05-12 23:48:18 | INFO     | my_app.utils.font_manager | font_manager.py:49 | Loaded font family: Google Sans 17pt
2026-05-12 23:48:18 | INFO     | my_app.utils.font_manager | font_manager.py:55 | Loaded 18 font file(s).
2026-05-12 23:48:18 | DEBUG    | my_app.app.bootstrap | bootstrap.py:55 | Loading services with config: AppConfig(app_name='FreeCut AI', app_version='1.0.0', debug=True, theme_path=PosixPath('/Users/piseth/developer/desktop-app/freecut-ai/assets/styles/theme.qss'), fonts_path=PosixPath('/Users/piseth/developer/desktop-app/freecut-ai/assets/fonts'), log_level='DEBUG')
2026-05-12 23:48:18 | INFO     | my_app.app.bootstrap | bootstrap.py:40 | Application bootstrap finished.
2026-05-12 23:48:18 | INFO     | my_app.app.application | application.py:61 | Opening main window.
2026-05-12 23:48:18 | INFO     | my_app.app.application | application.py:56 | Theme loaded: /Users/piseth/developer/desktop-app/freecut-ai/assets/styles/theme.qss
2026-05-12 23:48:18 | INFO     | my_app.ui.windows.main_window | main_window.py:16 | MainWindow initialized.
2026-05-12 23:48:42 | INFO     | my_app.ui.layouts.editor_layout | editor_layout.py:100 | Selected video: /Users/piseth/Desktop/Movie/ep1.mp4
2026-05-12 23:50:45 | INFO     | my_app.app.bootstrap | bootstrap.py:25 | Application bootstrap started.
2026-05-12 23:50:45 | INFO     | my_app.utils.font_manager | font_manager.py:49 | Loaded font family: Google Sans
2026-05-12 23:50:45 | INFO     | my_app.utils.font_manager | font_manager.py:49 | Loaded font family: Google Sans 17pt
2026-05-12 23:50:45 | INFO     | my_app.utils.font_manager | font_manager.py:55 | Loaded 18 font file(s).
2026-05-12 23:50:46 | DEBUG    | my_app.app.bootstrap | bootstrap.py:55 | Loading services with config: AppConfig(app_name='FreeCut AI', app_version='1.0.0', debug=True, theme_path=PosixPath('/Users/piseth/developer/desktop-app/freecut-ai/assets/styles/theme.qss'), fonts_path=PosixPath('/Users/piseth/developer/desktop-app/freecut-ai/assets/fonts'), log_level='DEBUG')
2026-05-12 23:50:46 | INFO     | my_app.app.bootstrap | bootstrap.py:40 | Application bootstrap finished.
2026-05-12 23:50:46 | INFO     | my_app.app.application | application.py:61 | Opening main window.
2026-05-12 23:50:46 | INFO     | my_app.app.application | application.py:56 | Theme loaded: /Users/piseth/developer/desktop-app/freecut-ai/assets/styles/theme.qss
2026-05-12 23:50:46 | INFO     | my_app.ui.windows.main_window | main_window.py:16 | MainWindow initialized.
2026-05-12 23:50:54 | INFO     | my_app.ui.layouts.editor_layout | editor_layout.py:100 | Selected video: /Users/piseth/Desktop/Movie/ep1.mp4
2026-05-12 23:50:54 | INFO     | my_app.ui.layouts.editor_layout | editor_layout.py:105 | Current project video: /Users/piseth/Desktop/Movie/ep1.mp4
2026-05-13 00:14:41 | INFO     | my_app.app.bootstrap | bootstrap.py:25 | Application bootstrap started.
2026-05-13 00:14:41 | INFO     | my_app.utils.font_manager | font_manager.py:49 | Loaded font family: Google Sans
2026-05-13 00:14:41 | INFO     | my_app.utils.font_manager | font_manager.py:49 | Loaded font family: Google Sans 17pt
2026-05-13 00:14:41 | INFO     | my_app.utils.font_manager | font_manager.py:55 | Loaded 18 font file(s).
2026-05-13 00:14:41 | DEBUG    | my_app.app.bootstrap | bootstrap.py:55 | Loading services with config: AppConfig(app_name='FreeCut AI', app_version='1.0.0', debug=True, theme_path=PosixPath('/Users/piseth/developer/desktop-app/freecut-ai/assets/styles/theme.qss'), fonts_path=PosixPath('/Users/piseth/developer/desktop-app/freecut-ai/assets/fonts'), log_level='DEBUG', deepinfra_api_key='HprQb9QGU1nwDT3sDXDxyV0HB7pruHSh', transcription_provider='deepinfra', transcription_model='openai/whisper-large-v3', transcription_language='zh', transcription_models=[TranscriptionModelConfig(label='Whisper Large V3', value='openai/whisper-large-v3'), TranscriptionModelConfig(label='Whisper Large V3 Turbo', value='openai/whisper-large-v3'), TranscriptionModelConfig(label='OpenAI Whisper Large V3', value='openai/whisper-large-v3-turbo')])
2026-05-13 00:14:42 | INFO     | my_app.app.bootstrap | bootstrap.py:40 | Application bootstrap finished.
2026-05-13 00:14:42 | INFO     | my_app.app.application | application.py:61 | Opening main window.
2026-05-13 00:14:42 | INFO     | my_app.app.application | application.py:56 | Theme loaded: /Users/piseth/developer/desktop-app/freecut-ai/assets/styles/theme.qss
2026-05-13 00:14:42 | INFO     | my_app.ui.windows.main_window | main_window.py:16 | MainWindow initialized.
2026-05-13 00:14:47 | INFO     | my_app.ui.layouts.editor_layout | editor_layout.py:93 | Video selection cancelled.
2026-05-13 00:15:05 | INFO     | my_app.app.bootstrap | bootstrap.py:25 | Application bootstrap started.
2026-05-13 00:15:05 | INFO     | my_app.utils.font_manager | font_manager.py:49 | Loaded font family: Google Sans
2026-05-13 00:15:05 | INFO     | my_app.utils.font_manager | font_manager.py:49 | Loaded font family: Google Sans 17pt
2026-05-13 00:15:05 | INFO     | my_app.utils.font_manager | font_manager.py:55 | Loaded 18 font file(s).
2026-05-13 00:15:05 | DEBUG    | my_app.app.bootstrap | bootstrap.py:55 | Loading services with config: AppConfig(app_name='FreeCut AI', app_version='1.0.0', debug=True, theme_path=PosixPath('/Users/piseth/developer/desktop-app/freecut-ai/assets/styles/theme.qss'), fonts_path=PosixPath('/Users/piseth/developer/desktop-app/freecut-ai/assets/fonts'), log_level='DEBUG', deepinfra_api_key='HprQb9QGU1nwDT3sDXDxyV0HB7pruHSh', transcription_provider='deepinfra', transcription_model='openai/whisper-large-v3', transcription_language='zh', transcription_models=[TranscriptionModelConfig(label='Whisper Large V3', value='openai/whisper-large-v3'), TranscriptionModelConfig(label='Whisper Large V3 Turbo', value='openai/whisper-large-v3'), TranscriptionModelConfig(label='OpenAI Whisper Large V3', value='openai/whisper-large-v3-turbo')])
2026-05-13 00:15:06 | INFO     | my_app.app.bootstrap | bootstrap.py:40 | Application bootstrap finished.
2026-05-13 00:15:06 | INFO     | my_app.app.application | application.py:61 | Opening main window.
2026-05-13 00:15:06 | INFO     | my_app.app.application | application.py:56 | Theme loaded: /Users/piseth/developer/desktop-app/freecut-ai/assets/styles/theme.qss
2026-05-13 00:15:06 | INFO     | my_app.ui.windows.main_window | main_window.py:16 | MainWindow initialized.
2026-05-13 00:16:25 | INFO     | my_app.app.bootstrap | bootstrap.py:25 | Application bootstrap started.
2026-05-13 00:16:25 | INFO     | my_app.utils.font_manager | font_manager.py:49 | Loaded font family: Google Sans
2026-05-13 00:16:25 | INFO     | my_app.utils.font_manager | font_manager.py:49 | Loaded font family: Google Sans 17pt
2026-05-13 00:16:25 | INFO     | my_app.utils.font_manager | font_manager.py:55 | Loaded 18 font file(s).
2026-05-13 00:16:25 | DEBUG    | my_app.app.bootstrap | bootstrap.py:55 | Loading services with config: AppConfig(app_name='FreeCut AI', app_version='1.0.0', debug=True, theme_path=PosixPath('/Users/piseth/developer/desktop-app/freecut-ai/assets/styles/theme.qss'), fonts_path=PosixPath('/Users/piseth/developer/desktop-app/freecut-ai/assets/fonts'), log_level='DEBUG', deepinfra_api_key='HprQb9QGU1nwDT3sDXDxyV0HB7pruHSh', transcription_provider='deepinfra', transcription_model='openai/whisper-large-v3', transcription_language='zh', transcription_models=[TranscriptionModelConfig(label='Whisper Large V3', value='openai/whisper-large-v3'), TranscriptionModelConfig(label='Whisper Large V3 Turbo', value='openai/whisper-large-v3'), TranscriptionModelConfig(label='OpenAI Whisper Large V3', value='openai/whisper-large-v3-turbo')])
2026-05-13 00:16:26 | INFO     | my_app.app.bootstrap | bootstrap.py:40 | Application bootstrap finished.
2026-05-13 00:16:26 | INFO     | my_app.app.application | application.py:61 | Opening main window.
2026-05-13 00:16:26 | INFO     | my_app.app.application | application.py:56 | Theme loaded: /Users/piseth/developer/desktop-app/freecut-ai/assets/styles/theme.qss
2026-05-13 00:16:26 | INFO     | my_app.ui.windows.main_window | main_window.py:16 | MainWindow initialized.
2026-05-13 00:16:42 | INFO     | my_app.ui.layouts.editor_layout | editor_layout.py:102 | Selected video: /Users/piseth/Desktop/Movie/ep1.mp4
2026-05-13 00:16:42 | INFO     | my_app.ui.layouts.editor_layout | editor_layout.py:107 | Current project video: /Users/piseth/Desktop/Movie/ep1.mp4
2026-05-13 00:16:43 | INFO     | my_app.ui.layouts.editor_layout | editor_layout.py:151 | Starting transcription for video=/Users/piseth/Desktop/Movie/ep1.mp4 model=openai/whisper-large-v3
2026-05-13 00:16:43 | INFO     | my_app.ui.layouts.editor_layout | editor_layout.py:185 | Transcription progress 10%: Extracting audio...
2026-05-13 00:16:44 | INFO     | my_app.services.transcription_service | transcription_service.py:38 | Transcribing audio with DeepInfra model=openai/whisper-large-v3 language=zh path=/var/folders/y9/wg10dhg15tg1xh4pmfsr2xz40000gn/T/freecut_ai/ep1_transcribe.wav
2026-05-13 00:16:44 | INFO     | my_app.ui.layouts.editor_layout | editor_layout.py:185 | Transcription progress 35%: Transcribing with openai/whisper-large-v3...
2026-05-13 00:16:47 | ERROR    | my_app.services.transcription_service | transcription_service.py:78 | DeepInfra transcription failed: {"detail":{"error":"You need positive balance to do inference. Please add balance manually or setup top-up"}}
2026-05-13 00:16:47 | ERROR    | my_app.workers.transcription_worker | transcription_worker.py:63 | Transcription failed.
Traceback (most recent call last):
  File "/Users/piseth/developer/desktop-app/freecut-ai/workers/transcription_worker.py", line 47, in run
    segments = self.transcription_service.transcribe_audio(
               ^^^^^^^^^^^^^^^^^^^^^^^^^^^^^^^^^^^^^^^^^^^^
  File "/Users/piseth/developer/desktop-app/freecut-ai/services/transcription_service.py", line 79, in transcribe_audio
    response.raise_for_status()
  File "/Users/piseth/developer/desktop-app/freecut-ai/.venv/lib/python3.12/site-packages/httpx/_models.py", line 829, in raise_for_status
    raise HTTPStatusError(message, request=request, response=self)
httpx.HTTPStatusError: Client error '402 Payment Required' for url 'https://api.deepinfra.com/v1/openai/audio/transcriptions'
For more information check: https://developer.mozilla.org/en-US/docs/Web/HTTP/Status/402
2026-05-13 00:16:47 | ERROR    | my_app.ui.layouts.editor_layout | editor_layout.py:209 | Transcription failed: Client error '402 Payment Required' for url 'https://api.deepinfra.com/v1/openai/audio/transcriptions'
For more information check: https://developer.mozilla.org/en-US/docs/Web/HTTP/Status/402
2026-05-13 00:23:39 | INFO     | my_app.app.bootstrap | bootstrap.py:25 | Application bootstrap started.
2026-05-13 00:23:39 | INFO     | my_app.utils.font_manager | font_manager.py:49 | Loaded font family: Google Sans
2026-05-13 00:23:39 | INFO     | my_app.utils.font_manager | font_manager.py:49 | Loaded font family: Google Sans 17pt
2026-05-13 00:23:39 | INFO     | my_app.utils.font_manager | font_manager.py:55 | Loaded 18 font file(s).
2026-05-13 00:23:39 | DEBUG    | my_app.app.bootstrap | bootstrap.py:55 | Loading services with config: AppConfig(app_name='FreeCut AI', app_version='1.0.0', debug=True, theme_path=PosixPath('/Users/piseth/developer/desktop-app/freecut-ai/assets/styles/theme.qss'), fonts_path=PosixPath('/Users/piseth/developer/desktop-app/freecut-ai/assets/fonts'), log_level='DEBUG', deepinfra_api_key='HprQb9QGU1nwDT3sDXDxyV0HB7pruHSh', transcription_provider='local', transcription_model='small', transcription_language='zh', transcription_models=[TranscriptionModelConfig(label='Local Tiny - Free', provider='local', value='tiny'), TranscriptionModelConfig(label='Local Base - Free', provider='local', value='base'), TranscriptionModelConfig(label='Local Small - Free', provider='local', value='small'), TranscriptionModelConfig(label='Local Medium - Free', provider='local', value='medium'), TranscriptionModelConfig(label='Local Large V3 - Free', provider='local', value='large-v3'), TranscriptionModelConfig(label='DeepInfra Large V3 - Paid', provider='deepinfra', value='openai/whisper-large-v3')])
2026-05-13 00:23:40 | INFO     | my_app.app.bootstrap | bootstrap.py:40 | Application bootstrap finished.
2026-05-13 00:23:40 | INFO     | my_app.app.application | application.py:61 | Opening main window.
2026-05-13 00:23:40 | INFO     | my_app.app.application | application.py:56 | Theme loaded: /Users/piseth/developer/desktop-app/freecut-ai/assets/styles/theme.qss
2026-05-13 00:23:40 | INFO     | my_app.ui.windows.main_window | main_window.py:16 | MainWindow initialized.
2026-05-13 00:23:45 | INFO     | my_app.ui.layouts.editor_layout | editor_layout.py:102 | Selected video: /Users/piseth/Desktop/Movie/ep1.mp4
2026-05-13 00:23:45 | INFO     | my_app.ui.layouts.editor_layout | editor_layout.py:107 | Current project video: /Users/piseth/Desktop/Movie/ep1.mp4
2026-05-13 00:24:32 | INFO     | my_app.app.bootstrap | bootstrap.py:25 | Application bootstrap started.
2026-05-13 00:24:32 | INFO     | my_app.utils.font_manager | font_manager.py:49 | Loaded font family: Google Sans
2026-05-13 00:24:32 | INFO     | my_app.utils.font_manager | font_manager.py:49 | Loaded font family: Google Sans 17pt
2026-05-13 00:24:32 | INFO     | my_app.utils.font_manager | font_manager.py:55 | Loaded 18 font file(s).
2026-05-13 00:24:32 | DEBUG    | my_app.app.bootstrap | bootstrap.py:55 | Loading services with config: AppConfig(app_name='FreeCut AI', app_version='1.0.0', debug=True, theme_path=PosixPath('/Users/piseth/developer/desktop-app/freecut-ai/assets/styles/theme.qss'), fonts_path=PosixPath('/Users/piseth/developer/desktop-app/freecut-ai/assets/fonts'), log_level='DEBUG', deepinfra_api_key='HprQb9QGU1nwDT3sDXDxyV0HB7pruHSh', transcription_provider='local', transcription_model='small', transcription_language='zh', transcription_models=[TranscriptionModelConfig(label='Local Tiny - Free', provider='local', value='tiny'), TranscriptionModelConfig(label='Local Base - Free', provider='local', value='base'), TranscriptionModelConfig(label='Local Small - Free', provider='local', value='small'), TranscriptionModelConfig(label='Local Medium - Free', provider='local', value='medium'), TranscriptionModelConfig(label='Local Large V3 - Free', provider='local', value='large-v3'), TranscriptionModelConfig(label='DeepInfra Large V3 - Paid', provider='deepinfra', value='openai/whisper-large-v3')])
2026-05-13 00:24:33 | INFO     | my_app.app.bootstrap | bootstrap.py:40 | Application bootstrap finished.
2026-05-13 00:24:33 | INFO     | my_app.app.application | application.py:61 | Opening main window.
2026-05-13 00:24:33 | INFO     | my_app.app.application | application.py:56 | Theme loaded: /Users/piseth/developer/desktop-app/freecut-ai/assets/styles/theme.qss
2026-05-13 00:24:33 | INFO     | my_app.ui.windows.main_window | main_window.py:16 | MainWindow initialized.
2026-05-13 00:24:38 | INFO     | my_app.ui.layouts.editor_layout | editor_layout.py:101 | Selected video: /Users/piseth/Desktop/Movie/ep1.mp4
2026-05-13 00:24:38 | INFO     | my_app.ui.layouts.editor_layout | editor_layout.py:106 | Current project video: /Users/piseth/Desktop/Movie/ep1.mp4
2026-05-13 00:24:39 | INFO     | my_app.ui.layouts.editor_layout | editor_layout.py:151 | Starting transcription for video=/Users/piseth/Desktop/Movie/ep1.mp4 model=small
2026-05-13 00:24:39 | INFO     | my_app.ui.layouts.editor_layout | editor_layout.py:166 | Starting transcription for video=/Users/piseth/Desktop/Movie/ep1.mp4 provider=local model=small
2026-05-13 00:24:39 | INFO     | my_app.ui.layouts.editor_layout | editor_layout.py:193 | Transcription progress 10%: Extracting audio...
2026-05-13 00:24:39 | INFO     | my_app.services.transcription_service | transcription_service.py:23 | Transcription request provider=local model=small language=zh
2026-05-13 00:24:39 | INFO     | my_app.ui.layouts.editor_layout | editor_layout.py:193 | Transcription progress 35%: Transcribing with small...
2026-05-13 00:24:39 | INFO     | my_app.services.local_whisper_service | local_whisper_service.py:23 | Loading local Whisper model=small device=cpu compute_type=int8
2026-05-13 00:25:42 | INFO     | my_app.ui.layouts.editor_layout | editor_layout.py:151 | Starting transcription for video=/Users/piseth/Desktop/Movie/ep1.mp4 model=small
2026-05-13 00:40:21 | INFO     | my_app.app.bootstrap | bootstrap.py:25 | Application bootstrap started.
2026-05-13 00:40:21 | INFO     | my_app.utils.font_manager | font_manager.py:49 | Loaded font family: Google Sans
2026-05-13 00:40:21 | INFO     | my_app.utils.font_manager | font_manager.py:49 | Loaded font family: Google Sans 17pt
2026-05-13 00:40:21 | INFO     | my_app.utils.font_manager | font_manager.py:55 | Loaded 18 font file(s).
2026-05-13 00:40:21 | DEBUG    | my_app.app.bootstrap | bootstrap.py:55 | Loading services with config: AppConfig(app_name='FreeCut AI', app_version='1.0.0', debug=True, theme_path=PosixPath('/Users/piseth/developer/desktop-app/freecut-ai/assets/styles/theme.qss'), fonts_path=PosixPath('/Users/piseth/developer/desktop-app/freecut-ai/assets/fonts'), log_level='DEBUG', deepinfra_api_key='HprQb9QGU1nwDT3sDXDxyV0HB7pruHSh', transcription_provider='local', transcription_model='small', transcription_language='zh', transcription_models=[TranscriptionModelConfig(label='Local Tiny - Free', provider='local', value='tiny'), TranscriptionModelConfig(label='Local Base - Free', provider='local', value='base'), TranscriptionModelConfig(label='Local Small - Free', provider='local', value='small'), TranscriptionModelConfig(label='Local Medium - Free', provider='local', value='medium'), TranscriptionModelConfig(label='Local Large V3 - Free', provider='local', value='large-v3'), TranscriptionModelConfig(label='DeepInfra Large V3 - Paid', provider='deepinfra', value='openai/whisper-large-v3')])
2026-05-13 00:40:22 | INFO     | my_app.app.bootstrap | bootstrap.py:40 | Application bootstrap finished.
2026-05-13 00:40:22 | INFO     | my_app.app.application | application.py:61 | Opening main window.
2026-05-13 00:40:22 | INFO     | my_app.app.application | application.py:56 | Theme loaded: /Users/piseth/developer/desktop-app/freecut-ai/assets/styles/theme.qss
2026-05-13 00:40:22 | INFO     | my_app.ui.windows.main_window | main_window.py:16 | MainWindow initialized.
2026-05-13 00:40:28 | INFO     | my_app.ui.layouts.editor_layout | editor_layout.py:103 | Selected video: /Users/piseth/Desktop/Movie/ep1.mp4
2026-05-13 00:40:28 | INFO     | my_app.ui.layouts.editor_layout | editor_layout.py:108 | Current project video: /Users/piseth/Desktop/Movie/ep1.mp4
2026-05-13 00:40:31 | INFO     | my_app.ui.layouts.editor_layout | editor_layout.py:153 | Starting transcription for video=/Users/piseth/Desktop/Movie/ep1.mp4 model=small
2026-05-13 00:40:31 | INFO     | my_app.ui.layouts.editor_layout | editor_layout.py:194 | Transcription progress 5%: Checking video duration...
2026-05-13 00:40:31 | INFO     | my_app.ui.layouts.editor_layout | editor_layout.py:194 | Transcription progress 10%: Extracting audio...
2026-05-13 00:40:31 | INFO     | my_app.services.transcription_service | transcription_service.py:29 | Transcription request provider=local model=small language=zh
2026-05-13 00:40:31 | INFO     | my_app.ui.layouts.editor_layout | editor_layout.py:194 | Transcription progress 15%: Audio extracted
2026-05-13 00:40:31 | INFO     | my_app.services.local_whisper_service | local_whisper_service.py:29 | Loading local Whisper model=small device=cpu compute_type=int8
2026-05-13 00:40:31 | INFO     | my_app.ui.layouts.editor_layout | editor_layout.py:194 | Transcription progress 18%: Loading local Whisper model: small
2026-05-13 00:41:50 | INFO     | my_app.services.local_whisper_service | local_whisper_service.py:55 | Local transcription started: /var/folders/y9/wg10dhg15tg1xh4pmfsr2xz40000gn/T/freecut_ai/ep1_transcribe.wav
2026-05-13 00:41:50 | INFO     | my_app.ui.layouts.editor_layout | editor_layout.py:194 | Transcription progress 35%: Transcribing audio...
2026-05-13 00:41:51 | INFO     | my_app.services.local_whisper_service | local_whisper_service.py:66 | Detected language=zh probability=1.00
2026-05-13 00:41:54 | INFO     | my_app.ui.layouts.editor_layout | editor_layout.py:194 | Transcription progress 39%: Transcribing... 39%
2026-05-13 00:41:54 | INFO     | my_app.ui.layouts.editor_layout | editor_layout.py:194 | Transcription progress 40%: Transcribing... 40%
2026-05-13 00:41:54 | INFO     | my_app.ui.layouts.editor_layout | editor_layout.py:194 | Transcription progress 41%: Transcribing... 41%
2026-05-13 00:41:54 | INFO     | my_app.ui.layouts.editor_layout | editor_layout.py:194 | Transcription progress 43%: Transcribing... 43%
2026-05-13 00:41:54 | INFO     | my_app.ui.layouts.editor_layout | editor_layout.py:194 | Transcription progress 44%: Transcribing... 44%
2026-05-13 00:41:54 | INFO     | my_app.ui.layouts.editor_layout | editor_layout.py:194 | Transcription progress 47%: Transcribing... 47%
2026-05-13 00:41:54 | INFO     | my_app.ui.layouts.editor_layout | editor_layout.py:194 | Transcription progress 48%: Transcribing... 48%
2026-05-13 00:41:54 | INFO     | my_app.ui.layouts.editor_layout | editor_layout.py:194 | Transcription progress 48%: Transcribing... 48%
2026-05-13 00:41:54 | INFO     | my_app.ui.layouts.editor_layout | editor_layout.py:194 | Transcription progress 50%: Transcribing... 50%
2026-05-13 00:41:54 | INFO     | my_app.ui.layouts.editor_layout | editor_layout.py:194 | Transcription progress 52%: Transcribing... 52%
2026-05-13 00:41:54 | INFO     | my_app.ui.layouts.editor_layout | editor_layout.py:194 | Transcription progress 53%: Transcribing... 53%
2026-05-13 00:41:54 | INFO     | my_app.ui.layouts.editor_layout | editor_layout.py:194 | Transcription progress 54%: Transcribing... 54%
2026-05-13 00:41:54 | INFO     | my_app.ui.layouts.editor_layout | editor_layout.py:194 | Transcription progress 56%: Transcribing... 56%
2026-05-13 00:41:54 | INFO     | my_app.ui.layouts.editor_layout | editor_layout.py:194 | Transcription progress 57%: Transcribing... 57%
2026-05-13 00:41:54 | INFO     | my_app.ui.layouts.editor_layout | editor_layout.py:194 | Transcription progress 59%: Transcribing... 59%
2026-05-13 00:41:54 | INFO     | my_app.ui.layouts.editor_layout | editor_layout.py:194 | Transcription progress 61%: Transcribing... 61%
2026-05-13 00:41:54 | INFO     | my_app.ui.layouts.editor_layout | editor_layout.py:194 | Transcription progress 62%: Transcribing... 62%
2026-05-13 00:41:54 | INFO     | my_app.ui.layouts.editor_layout | editor_layout.py:194 | Transcription progress 63%: Transcribing... 63%
2026-05-13 00:41:54 | INFO     | my_app.ui.layouts.editor_layout | editor_layout.py:194 | Transcription progress 65%: Transcribing... 65%
2026-05-13 00:42:01 | INFO     | my_app.ui.layouts.editor_layout | editor_layout.py:194 | Transcription progress 66%: Transcribing... 66%
2026-05-13 00:42:01 | INFO     | my_app.ui.layouts.editor_layout | editor_layout.py:194 | Transcription progress 68%: Transcribing... 68%
2026-05-13 00:42:01 | INFO     | my_app.ui.layouts.editor_layout | editor_layout.py:194 | Transcription progress 70%: Transcribing... 70%
2026-05-13 00:42:01 | INFO     | my_app.ui.layouts.editor_layout | editor_layout.py:194 | Transcription progress 71%: Transcribing... 71%
2026-05-13 00:42:01 | INFO     | my_app.ui.layouts.editor_layout | editor_layout.py:194 | Transcription progress 72%: Transcribing... 72%
2026-05-13 00:42:01 | INFO     | my_app.ui.layouts.editor_layout | editor_layout.py:194 | Transcription progress 73%: Transcribing... 73%
2026-05-13 00:42:01 | INFO     | my_app.ui.layouts.editor_layout | editor_layout.py:194 | Transcription progress 74%: Transcribing... 74%
2026-05-13 00:42:01 | INFO     | my_app.ui.layouts.editor_layout | editor_layout.py:194 | Transcription progress 75%: Transcribing... 75%
2026-05-13 00:42:01 | INFO     | my_app.ui.layouts.editor_layout | editor_layout.py:194 | Transcription progress 77%: Transcribing... 77%
2026-05-13 00:42:01 | INFO     | my_app.ui.layouts.editor_layout | editor_layout.py:194 | Transcription progress 78%: Transcribing... 78%
2026-05-13 00:42:01 | INFO     | my_app.ui.layouts.editor_layout | editor_layout.py:194 | Transcription progress 79%: Transcribing... 79%
2026-05-13 00:42:01 | INFO     | my_app.ui.layouts.editor_layout | editor_layout.py:194 | Transcription progress 80%: Transcribing... 80%
2026-05-13 00:42:01 | INFO     | my_app.ui.layouts.editor_layout | editor_layout.py:194 | Transcription progress 81%: Transcribing... 81%
2026-05-13 00:42:01 | INFO     | my_app.ui.layouts.editor_layout | editor_layout.py:194 | Transcription progress 82%: Transcribing... 82%
2026-05-13 00:42:01 | INFO     | my_app.ui.layouts.editor_layout | editor_layout.py:194 | Transcription progress 83%: Transcribing... 83%
2026-05-13 00:42:01 | INFO     | my_app.ui.layouts.editor_layout | editor_layout.py:194 | Transcription progress 85%: Transcribing... 85%
2026-05-13 00:42:01 | INFO     | my_app.ui.layouts.editor_layout | editor_layout.py:194 | Transcription progress 87%: Transcribing... 87%
2026-05-13 00:42:01 | INFO     | my_app.ui.layouts.editor_layout | editor_layout.py:194 | Transcription progress 88%: Transcribing... 88%
2026-05-13 00:42:01 | INFO     | my_app.ui.layouts.editor_layout | editor_layout.py:194 | Transcription progress 89%: Transcribing... 89%
2026-05-13 00:42:01 | INFO     | my_app.ui.layouts.editor_layout | editor_layout.py:194 | Transcription progress 91%: Transcribing... 91%
2026-05-13 00:42:01 | INFO     | my_app.ui.layouts.editor_layout | editor_layout.py:194 | Transcription progress 91%: Transcribing... 91%
2026-05-13 00:42:01 | INFO     | my_app.services.local_whisper_service | local_whisper_service.py:96 | Local transcription finished. segments=40
2026-05-13 00:42:01 | INFO     | my_app.ui.layouts.editor_layout | editor_layout.py:194 | Transcription progress 100%: Transcription complete
2026-05-13 00:42:01 | INFO     | my_app.workers.transcription_worker | transcription_worker.py:60 | Transcription finished. provider=local model=small segments=40
2026-05-13 00:42:01 | INFO     | my_app.ui.layouts.editor_layout | editor_layout.py:194 | Transcription progress 100%: Transcription complete
2026-05-13 00:42:01 | INFO     | my_app.ui.layouts.editor_layout | editor_layout.py:200 | Transcription completed: 40 segment(s)
2026-05-13 00:42:02 | INFO     | my_app.ui.layouts.editor_layout | editor_layout.py:230 | Transcription thread cleaned up.
2026-05-13 00:47:48 | INFO     | my_app.app.bootstrap | bootstrap.py:25 | Application bootstrap started.
2026-05-13 00:47:48 | INFO     | my_app.utils.font_manager | font_manager.py:49 | Loaded font family: Google Sans
2026-05-13 00:47:48 | INFO     | my_app.utils.font_manager | font_manager.py:49 | Loaded font family: Google Sans 17pt
2026-05-13 00:47:48 | INFO     | my_app.utils.font_manager | font_manager.py:55 | Loaded 18 font file(s).
2026-05-13 00:47:49 | DEBUG    | my_app.app.bootstrap | bootstrap.py:55 | Loading services with config: AppConfig(app_name='FreeCut AI', app_version='1.0.0', debug=True, theme_path=PosixPath('/Users/piseth/developer/desktop-app/freecut-ai/assets/styles/theme.qss'), fonts_path=PosixPath('/Users/piseth/developer/desktop-app/freecut-ai/assets/fonts'), log_level='DEBUG', deepinfra_api_key='HprQb9QGU1nwDT3sDXDxyV0HB7pruHSh', transcription_provider='local', transcription_model='small', transcription_language='zh', transcription_models=[TranscriptionModelConfig(label='Local Tiny - Free', provider='local', value='tiny'), TranscriptionModelConfig(label='Local Base - Free', provider='local', value='base'), TranscriptionModelConfig(label='Local Small - Free', provider='local', value='small'), TranscriptionModelConfig(label='Local Medium - Free', provider='local', value='medium'), TranscriptionModelConfig(label='Local Large V3 - Free', provider='local', value='large-v3'), TranscriptionModelConfig(label='DeepInfra Large V3 - Paid', provider='deepinfra', value='openai/whisper-large-v3')])
2026-05-13 00:47:49 | INFO     | my_app.app.bootstrap | bootstrap.py:40 | Application bootstrap finished.
2026-05-13 00:47:49 | INFO     | my_app.app.application | application.py:61 | Opening main window.
2026-05-13 00:47:49 | INFO     | my_app.app.application | application.py:56 | Theme loaded: /Users/piseth/developer/desktop-app/freecut-ai/assets/styles/theme.qss
2026-05-13 00:47:49 | INFO     | my_app.ui.windows.main_window | main_window.py:16 | MainWindow initialized.
2026-05-13 00:48:11 | INFO     | my_app.app.bootstrap | bootstrap.py:25 | Application bootstrap started.
2026-05-13 00:48:11 | INFO     | my_app.utils.font_manager | font_manager.py:49 | Loaded font family: Google Sans
2026-05-13 00:48:11 | INFO     | my_app.utils.font_manager | font_manager.py:49 | Loaded font family: Google Sans 17pt
2026-05-13 00:48:11 | INFO     | my_app.utils.font_manager | font_manager.py:55 | Loaded 18 font file(s).
2026-05-13 00:48:11 | DEBUG    | my_app.app.bootstrap | bootstrap.py:55 | Loading services with config: AppConfig(app_name='FreeCut AI', app_version='1.0.0', debug=True, theme_path=PosixPath('/Users/piseth/developer/desktop-app/freecut-ai/assets/styles/theme.qss'), fonts_path=PosixPath('/Users/piseth/developer/desktop-app/freecut-ai/assets/fonts'), log_level='DEBUG', deepinfra_api_key='HprQb9QGU1nwDT3sDXDxyV0HB7pruHSh', transcription_provider='local', transcription_model='small', transcription_language='zh', transcription_models=[TranscriptionModelConfig(label='Local Tiny - Free', provider='local', value='tiny'), TranscriptionModelConfig(label='Local Base - Free', provider='local', value='base'), TranscriptionModelConfig(label='Local Small - Free', provider='local', value='small'), TranscriptionModelConfig(label='Local Medium - Free', provider='local', value='medium'), TranscriptionModelConfig(label='Local Large V3 - Free', provider='local', value='large-v3'), TranscriptionModelConfig(label='DeepInfra Large V3 - Paid', provider='deepinfra', value='openai/whisper-large-v3')])
2026-05-13 00:48:12 | INFO     | my_app.app.bootstrap | bootstrap.py:40 | Application bootstrap finished.
2026-05-13 00:48:12 | INFO     | my_app.app.application | application.py:61 | Opening main window.
2026-05-13 00:48:12 | INFO     | my_app.app.application | application.py:56 | Theme loaded: /Users/piseth/developer/desktop-app/freecut-ai/assets/styles/theme.qss
2026-05-13 00:48:12 | INFO     | my_app.ui.windows.main_window | main_window.py:16 | MainWindow initialized.
2026-05-13 00:48:28 | INFO     | my_app.app.bootstrap | bootstrap.py:25 | Application bootstrap started.
2026-05-13 00:48:28 | INFO     | my_app.utils.font_manager | font_manager.py:49 | Loaded font family: Google Sans
2026-05-13 00:48:28 | INFO     | my_app.utils.font_manager | font_manager.py:49 | Loaded font family: Google Sans 17pt
2026-05-13 00:48:28 | INFO     | my_app.utils.font_manager | font_manager.py:55 | Loaded 18 font file(s).
2026-05-13 00:48:28 | DEBUG    | my_app.app.bootstrap | bootstrap.py:55 | Loading services with config: AppConfig(app_name='FreeCut AI', app_version='1.0.0', debug=True, theme_path=PosixPath('/Users/piseth/developer/desktop-app/freecut-ai/assets/styles/theme.qss'), fonts_path=PosixPath('/Users/piseth/developer/desktop-app/freecut-ai/assets/fonts'), log_level='DEBUG', deepinfra_api_key='HprQb9QGU1nwDT3sDXDxyV0HB7pruHSh', transcription_provider='local', transcription_model='small', transcription_language='zh', transcription_models=[TranscriptionModelConfig(label='Local Tiny - Free', provider='local', value='tiny'), TranscriptionModelConfig(label='Local Base - Free', provider='local', value='base'), TranscriptionModelConfig(label='Local Small - Free', provider='local', value='small'), TranscriptionModelConfig(label='Local Medium - Free', provider='local', value='medium'), TranscriptionModelConfig(label='Local Large V3 - Free', provider='local', value='large-v3'), TranscriptionModelConfig(label='DeepInfra Large V3 - Paid', provider='deepinfra', value='openai/whisper-large-v3')])
2026-05-13 00:48:29 | INFO     | my_app.app.bootstrap | bootstrap.py:40 | Application bootstrap finished.
2026-05-13 00:48:29 | INFO     | my_app.app.application | application.py:61 | Opening main window.
2026-05-13 00:48:29 | INFO     | my_app.app.application | application.py:56 | Theme loaded: /Users/piseth/developer/desktop-app/freecut-ai/assets/styles/theme.qss
2026-05-13 00:48:29 | INFO     | my_app.ui.windows.main_window | main_window.py:16 | MainWindow initialized.
2026-05-13 00:48:48 | INFO     | my_app.app.bootstrap | bootstrap.py:25 | Application bootstrap started.
2026-05-13 00:48:48 | INFO     | my_app.utils.font_manager | font_manager.py:49 | Loaded font family: Google Sans
2026-05-13 00:48:48 | INFO     | my_app.utils.font_manager | font_manager.py:49 | Loaded font family: Google Sans 17pt
2026-05-13 00:48:48 | INFO     | my_app.utils.font_manager | font_manager.py:55 | Loaded 18 font file(s).
2026-05-13 00:48:48 | DEBUG    | my_app.app.bootstrap | bootstrap.py:55 | Loading services with config: AppConfig(app_name='FreeCut AI', app_version='1.0.0', debug=True, theme_path=PosixPath('/Users/piseth/developer/desktop-app/freecut-ai/assets/styles/theme.qss'), fonts_path=PosixPath('/Users/piseth/developer/desktop-app/freecut-ai/assets/fonts'), log_level='DEBUG', deepinfra_api_key='HprQb9QGU1nwDT3sDXDxyV0HB7pruHSh', transcription_provider='local', transcription_model='small', transcription_language='zh', transcription_models=[TranscriptionModelConfig(label='Local Tiny - Free', provider='local', value='tiny'), TranscriptionModelConfig(label='Local Base - Free', provider='local', value='base'), TranscriptionModelConfig(label='Local Small - Free', provider='local', value='small'), TranscriptionModelConfig(label='Local Medium - Free', provider='local', value='medium'), TranscriptionModelConfig(label='Local Large V3 - Free', provider='local', value='large-v3'), TranscriptionModelConfig(label='DeepInfra Large V3 - Paid', provider='deepinfra', value='openai/whisper-large-v3')])
2026-05-13 00:48:48 | INFO     | my_app.app.bootstrap | bootstrap.py:40 | Application bootstrap finished.
2026-05-13 00:48:48 | INFO     | my_app.app.application | application.py:61 | Opening main window.
2026-05-13 00:48:48 | INFO     | my_app.app.application | application.py:56 | Theme loaded: /Users/piseth/developer/desktop-app/freecut-ai/assets/styles/theme.qss
2026-05-13 00:48:48 | INFO     | my_app.ui.windows.main_window | main_window.py:16 | MainWindow initialized.
2026-05-13 00:48:54 | INFO     | my_app.ui.layouts.editor_layout | editor_layout.py:110 | Selected video: /Users/piseth/Desktop/Movie/ep1.mp4
2026-05-13 00:48:54 | INFO     | my_app.ui.layouts.editor_layout | editor_layout.py:115 | Current project video: /Users/piseth/Desktop/Movie/ep1.mp4
2026-05-13 00:48:56 | INFO     | my_app.ui.layouts.editor_layout | editor_layout.py:160 | Starting transcription for video=/Users/piseth/Desktop/Movie/ep1.mp4 model=small
2026-05-13 00:48:56 | INFO     | my_app.ui.layouts.editor_layout | editor_layout.py:201 | Transcription progress 5%: Checking video duration...
2026-05-13 00:48:56 | INFO     | my_app.ui.layouts.editor_layout | editor_layout.py:201 | Transcription progress 10%: Extracting audio...
2026-05-13 00:48:56 | INFO     | my_app.services.transcription_service | transcription_service.py:29 | Transcription request provider=local model=small language=zh
2026-05-13 00:48:56 | INFO     | my_app.ui.layouts.editor_layout | editor_layout.py:201 | Transcription progress 15%: Audio extracted
2026-05-13 00:48:56 | INFO     | my_app.services.local_whisper_service | local_whisper_service.py:29 | Loading local Whisper model=small device=cpu compute_type=int8
2026-05-13 00:48:56 | INFO     | my_app.ui.layouts.editor_layout | editor_layout.py:201 | Transcription progress 18%: Loading local Whisper model: small
2026-05-13 00:48:57 | INFO     | my_app.services.local_whisper_service | local_whisper_service.py:55 | Local transcription started: /var/folders/y9/wg10dhg15tg1xh4pmfsr2xz40000gn/T/freecut_ai/ep1_transcribe.wav
2026-05-13 00:48:57 | INFO     | my_app.ui.layouts.editor_layout | editor_layout.py:201 | Transcription progress 35%: Transcribing audio...
2026-05-13 00:48:58 | INFO     | my_app.services.local_whisper_service | local_whisper_service.py:66 | Detected language=zh probability=1.00
2026-05-13 00:49:01 | INFO     | my_app.ui.layouts.editor_layout | editor_layout.py:201 | Transcription progress 39%: Transcribing... 39%
2026-05-13 00:49:01 | INFO     | my_app.ui.layouts.editor_layout | editor_layout.py:201 | Transcription progress 40%: Transcribing... 40%
2026-05-13 00:49:01 | INFO     | my_app.ui.layouts.editor_layout | editor_layout.py:201 | Transcription progress 41%: Transcribing... 41%
2026-05-13 00:49:01 | INFO     | my_app.ui.layouts.editor_layout | editor_layout.py:201 | Transcription progress 43%: Transcribing... 43%
2026-05-13 00:49:01 | INFO     | my_app.ui.layouts.editor_layout | editor_layout.py:201 | Transcription progress 44%: Transcribing... 44%
2026-05-13 00:49:01 | INFO     | my_app.ui.layouts.editor_layout | editor_layout.py:201 | Transcription progress 47%: Transcribing... 47%
2026-05-13 00:49:01 | INFO     | my_app.ui.layouts.editor_layout | editor_layout.py:201 | Transcription progress 48%: Transcribing... 48%
2026-05-13 00:49:01 | INFO     | my_app.ui.layouts.editor_layout | editor_layout.py:201 | Transcription progress 48%: Transcribing... 48%
2026-05-13 00:49:01 | INFO     | my_app.ui.layouts.editor_layout | editor_layout.py:201 | Transcription progress 50%: Transcribing... 50%
2026-05-13 00:49:01 | INFO     | my_app.ui.layouts.editor_layout | editor_layout.py:201 | Transcription progress 52%: Transcribing... 52%
2026-05-13 00:49:01 | INFO     | my_app.ui.layouts.editor_layout | editor_layout.py:201 | Transcription progress 53%: Transcribing... 53%
2026-05-13 00:49:01 | INFO     | my_app.ui.layouts.editor_layout | editor_layout.py:201 | Transcription progress 54%: Transcribing... 54%
2026-05-13 00:49:01 | INFO     | my_app.ui.layouts.editor_layout | editor_layout.py:201 | Transcription progress 56%: Transcribing... 56%
2026-05-13 00:49:01 | INFO     | my_app.ui.layouts.editor_layout | editor_layout.py:201 | Transcription progress 57%: Transcribing... 57%
2026-05-13 00:49:01 | INFO     | my_app.ui.layouts.editor_layout | editor_layout.py:201 | Transcription progress 59%: Transcribing... 59%
2026-05-13 00:49:01 | INFO     | my_app.ui.layouts.editor_layout | editor_layout.py:201 | Transcription progress 61%: Transcribing... 61%
2026-05-13 00:49:01 | INFO     | my_app.ui.layouts.editor_layout | editor_layout.py:201 | Transcription progress 62%: Transcribing... 62%
2026-05-13 00:49:01 | INFO     | my_app.ui.layouts.editor_layout | editor_layout.py:201 | Transcription progress 63%: Transcribing... 63%
2026-05-13 00:49:01 | INFO     | my_app.ui.layouts.editor_layout | editor_layout.py:201 | Transcription progress 65%: Transcribing... 65%
2026-05-13 00:49:08 | INFO     | my_app.ui.layouts.editor_layout | editor_layout.py:201 | Transcription progress 66%: Transcribing... 66%
2026-05-13 00:49:08 | INFO     | my_app.ui.layouts.editor_layout | editor_layout.py:201 | Transcription progress 68%: Transcribing... 68%
2026-05-13 00:49:08 | INFO     | my_app.ui.layouts.editor_layout | editor_layout.py:201 | Transcription progress 70%: Transcribing... 70%
2026-05-13 00:49:08 | INFO     | my_app.ui.layouts.editor_layout | editor_layout.py:201 | Transcription progress 71%: Transcribing... 71%
2026-05-13 00:49:08 | INFO     | my_app.ui.layouts.editor_layout | editor_layout.py:201 | Transcription progress 72%: Transcribing... 72%
2026-05-13 00:49:08 | INFO     | my_app.ui.layouts.editor_layout | editor_layout.py:201 | Transcription progress 73%: Transcribing... 73%
2026-05-13 00:49:08 | INFO     | my_app.ui.layouts.editor_layout | editor_layout.py:201 | Transcription progress 74%: Transcribing... 74%
2026-05-13 00:49:08 | INFO     | my_app.ui.layouts.editor_layout | editor_layout.py:201 | Transcription progress 75%: Transcribing... 75%
2026-05-13 00:49:08 | INFO     | my_app.ui.layouts.editor_layout | editor_layout.py:201 | Transcription progress 77%: Transcribing... 77%
2026-05-13 00:49:08 | INFO     | my_app.ui.layouts.editor_layout | editor_layout.py:201 | Transcription progress 78%: Transcribing... 78%
2026-05-13 00:49:08 | INFO     | my_app.ui.layouts.editor_layout | editor_layout.py:201 | Transcription progress 79%: Transcribing... 79%
2026-05-13 00:49:08 | INFO     | my_app.ui.layouts.editor_layout | editor_layout.py:201 | Transcription progress 80%: Transcribing... 80%
2026-05-13 00:49:08 | INFO     | my_app.ui.layouts.editor_layout | editor_layout.py:201 | Transcription progress 81%: Transcribing... 81%
2026-05-13 00:49:08 | INFO     | my_app.ui.layouts.editor_layout | editor_layout.py:201 | Transcription progress 82%: Transcribing... 82%
2026-05-13 00:49:08 | INFO     | my_app.ui.layouts.editor_layout | editor_layout.py:201 | Transcription progress 83%: Transcribing... 83%
2026-05-13 00:49:08 | INFO     | my_app.ui.layouts.editor_layout | editor_layout.py:201 | Transcription progress 85%: Transcribing... 85%
2026-05-13 00:49:08 | INFO     | my_app.ui.layouts.editor_layout | editor_layout.py:201 | Transcription progress 87%: Transcribing... 87%
2026-05-13 00:49:08 | INFO     | my_app.ui.layouts.editor_layout | editor_layout.py:201 | Transcription progress 88%: Transcribing... 88%
2026-05-13 00:49:08 | INFO     | my_app.ui.layouts.editor_layout | editor_layout.py:201 | Transcription progress 89%: Transcribing... 89%
2026-05-13 00:49:08 | INFO     | my_app.ui.layouts.editor_layout | editor_layout.py:201 | Transcription progress 91%: Transcribing... 91%
2026-05-13 00:49:08 | INFO     | my_app.ui.layouts.editor_layout | editor_layout.py:201 | Transcription progress 91%: Transcribing... 91%
2026-05-13 00:49:08 | INFO     | my_app.services.local_whisper_service | local_whisper_service.py:96 | Local transcription finished. segments=40
2026-05-13 00:49:08 | INFO     | my_app.ui.layouts.editor_layout | editor_layout.py:201 | Transcription progress 100%: Transcription complete
2026-05-13 00:49:08 | INFO     | my_app.workers.transcription_worker | transcription_worker.py:60 | Transcription finished. provider=local model=small segments=40
2026-05-13 00:49:08 | INFO     | my_app.ui.layouts.editor_layout | editor_layout.py:201 | Transcription progress 100%: Transcription complete
2026-05-13 00:49:08 | INFO     | my_app.ui.layouts.editor_layout | editor_layout.py:207 | Transcription completed: 40 segment(s)
2026-05-13 00:49:08 | INFO     | my_app.ui.layouts.editor_layout | editor_layout.py:243 | Transcript stored with 40 segment(s).
2026-05-13 00:49:08 | INFO     | my_app.ui.layouts.editor_layout | editor_layout.py:240 | Transcription thread cleaned up.
2026-05-13 00:49:50 | INFO     | my_app.app.bootstrap | bootstrap.py:25 | Application bootstrap started.
2026-05-13 00:49:50 | INFO     | my_app.utils.font_manager | font_manager.py:49 | Loaded font family: Google Sans
2026-05-13 00:49:50 | INFO     | my_app.utils.font_manager | font_manager.py:49 | Loaded font family: Google Sans 17pt
2026-05-13 00:49:50 | INFO     | my_app.utils.font_manager | font_manager.py:55 | Loaded 18 font file(s).
2026-05-13 00:49:50 | DEBUG    | my_app.app.bootstrap | bootstrap.py:55 | Loading services with config: AppConfig(app_name='FreeCut AI', app_version='1.0.0', debug=True, theme_path=PosixPath('/Users/piseth/developer/desktop-app/freecut-ai/assets/styles/theme.qss'), fonts_path=PosixPath('/Users/piseth/developer/desktop-app/freecut-ai/assets/fonts'), log_level='DEBUG', deepinfra_api_key='HprQb9QGU1nwDT3sDXDxyV0HB7pruHSh', transcription_provider='local', transcription_model='small', transcription_language='zh', transcription_models=[TranscriptionModelConfig(label='Local Tiny - Free', provider='local', value='tiny'), TranscriptionModelConfig(label='Local Base - Free', provider='local', value='base'), TranscriptionModelConfig(label='Local Small - Free', provider='local', value='small'), TranscriptionModelConfig(label='Local Medium - Free', provider='local', value='medium'), TranscriptionModelConfig(label='Local Large V3 - Free', provider='local', value='large-v3'), TranscriptionModelConfig(label='DeepInfra Large V3 - Paid', provider='deepinfra', value='openai/whisper-large-v3')])
2026-05-13 00:49:51 | INFO     | my_app.app.bootstrap | bootstrap.py:40 | Application bootstrap finished.
2026-05-13 00:49:51 | INFO     | my_app.app.application | application.py:61 | Opening main window.
2026-05-13 00:49:51 | INFO     | my_app.app.application | application.py:56 | Theme loaded: /Users/piseth/developer/desktop-app/freecut-ai/assets/styles/theme.qss
2026-05-13 00:49:51 | INFO     | my_app.ui.windows.main_window | main_window.py:16 | MainWindow initialized.
2026-05-13 00:49:55 | INFO     | my_app.ui.layouts.editor_layout | editor_layout.py:110 | Selected video: /Users/piseth/Desktop/Movie/ep1.mp4
2026-05-13 00:49:55 | INFO     | my_app.ui.layouts.editor_layout | editor_layout.py:115 | Current project video: /Users/piseth/Desktop/Movie/ep1.mp4
2026-05-13 00:49:56 | INFO     | my_app.ui.layouts.editor_layout | editor_layout.py:160 | Starting transcription for video=/Users/piseth/Desktop/Movie/ep1.mp4 model=small
2026-05-13 00:49:56 | INFO     | my_app.ui.layouts.editor_layout | editor_layout.py:201 | Transcription progress 5%: Checking video duration...
2026-05-13 00:49:56 | INFO     | my_app.ui.layouts.editor_layout | editor_layout.py:201 | Transcription progress 10%: Extracting audio...
2026-05-13 00:49:56 | INFO     | my_app.services.transcription_service | transcription_service.py:29 | Transcription request provider=local model=small language=zh
2026-05-13 00:49:56 | INFO     | my_app.ui.layouts.editor_layout | editor_layout.py:201 | Transcription progress 15%: Audio extracted
2026-05-13 00:49:56 | INFO     | my_app.services.local_whisper_service | local_whisper_service.py:29 | Loading local Whisper model=small device=cpu compute_type=int8
2026-05-13 00:49:56 | INFO     | my_app.ui.layouts.editor_layout | editor_layout.py:201 | Transcription progress 18%: Loading local Whisper model: small
2026-05-13 00:49:57 | INFO     | my_app.services.local_whisper_service | local_whisper_service.py:55 | Local transcription started: /var/folders/y9/wg10dhg15tg1xh4pmfsr2xz40000gn/T/freecut_ai/ep1_transcribe.wav
2026-05-13 00:49:57 | INFO     | my_app.ui.layouts.editor_layout | editor_layout.py:201 | Transcription progress 35%: Transcribing audio...
2026-05-13 00:49:58 | INFO     | my_app.services.local_whisper_service | local_whisper_service.py:66 | Detected language=zh probability=1.00
2026-05-13 00:50:01 | INFO     | my_app.ui.layouts.editor_layout | editor_layout.py:201 | Transcription progress 39%: Transcribing... 39%
2026-05-13 00:50:01 | INFO     | my_app.ui.layouts.editor_layout | editor_layout.py:201 | Transcription progress 40%: Transcribing... 40%
2026-05-13 00:50:01 | INFO     | my_app.ui.layouts.editor_layout | editor_layout.py:201 | Transcription progress 41%: Transcribing... 41%
2026-05-13 00:50:01 | INFO     | my_app.ui.layouts.editor_layout | editor_layout.py:201 | Transcription progress 43%: Transcribing... 43%
2026-05-13 00:50:01 | INFO     | my_app.ui.layouts.editor_layout | editor_layout.py:201 | Transcription progress 44%: Transcribing... 44%
2026-05-13 00:50:01 | INFO     | my_app.ui.layouts.editor_layout | editor_layout.py:201 | Transcription progress 47%: Transcribing... 47%
2026-05-13 00:50:01 | INFO     | my_app.ui.layouts.editor_layout | editor_layout.py:201 | Transcription progress 48%: Transcribing... 48%
2026-05-13 00:50:01 | INFO     | my_app.ui.layouts.editor_layout | editor_layout.py:201 | Transcription progress 48%: Transcribing... 48%
2026-05-13 00:50:01 | INFO     | my_app.ui.layouts.editor_layout | editor_layout.py:201 | Transcription progress 50%: Transcribing... 50%
2026-05-13 00:50:01 | INFO     | my_app.ui.layouts.editor_layout | editor_layout.py:201 | Transcription progress 52%: Transcribing... 52%
2026-05-13 00:50:01 | INFO     | my_app.ui.layouts.editor_layout | editor_layout.py:201 | Transcription progress 53%: Transcribing... 53%
2026-05-13 00:50:01 | INFO     | my_app.ui.layouts.editor_layout | editor_layout.py:201 | Transcription progress 54%: Transcribing... 54%
2026-05-13 00:50:01 | INFO     | my_app.ui.layouts.editor_layout | editor_layout.py:201 | Transcription progress 56%: Transcribing... 56%
2026-05-13 00:50:01 | INFO     | my_app.ui.layouts.editor_layout | editor_layout.py:201 | Transcription progress 57%: Transcribing... 57%
2026-05-13 00:50:01 | INFO     | my_app.ui.layouts.editor_layout | editor_layout.py:201 | Transcription progress 59%: Transcribing... 59%
2026-05-13 00:50:01 | INFO     | my_app.ui.layouts.editor_layout | editor_layout.py:201 | Transcription progress 61%: Transcribing... 61%
2026-05-13 00:50:01 | INFO     | my_app.ui.layouts.editor_layout | editor_layout.py:201 | Transcription progress 62%: Transcribing... 62%
2026-05-13 00:50:01 | INFO     | my_app.ui.layouts.editor_layout | editor_layout.py:201 | Transcription progress 63%: Transcribing... 63%
2026-05-13 00:50:01 | INFO     | my_app.ui.layouts.editor_layout | editor_layout.py:201 | Transcription progress 65%: Transcribing... 65%
2026-05-13 00:50:07 | INFO     | my_app.ui.layouts.editor_layout | editor_layout.py:201 | Transcription progress 66%: Transcribing... 66%
2026-05-13 00:50:07 | INFO     | my_app.ui.layouts.editor_layout | editor_layout.py:201 | Transcription progress 68%: Transcribing... 68%
2026-05-13 00:50:07 | INFO     | my_app.ui.layouts.editor_layout | editor_layout.py:201 | Transcription progress 70%: Transcribing... 70%
2026-05-13 00:50:07 | INFO     | my_app.ui.layouts.editor_layout | editor_layout.py:201 | Transcription progress 71%: Transcribing... 71%
2026-05-13 00:50:07 | INFO     | my_app.ui.layouts.editor_layout | editor_layout.py:201 | Transcription progress 72%: Transcribing... 72%
2026-05-13 00:50:07 | INFO     | my_app.ui.layouts.editor_layout | editor_layout.py:201 | Transcription progress 73%: Transcribing... 73%
2026-05-13 00:50:07 | INFO     | my_app.ui.layouts.editor_layout | editor_layout.py:201 | Transcription progress 74%: Transcribing... 74%
2026-05-13 00:50:07 | INFO     | my_app.ui.layouts.editor_layout | editor_layout.py:201 | Transcription progress 75%: Transcribing... 75%
2026-05-13 00:50:07 | INFO     | my_app.ui.layouts.editor_layout | editor_layout.py:201 | Transcription progress 77%: Transcribing... 77%
2026-05-13 00:50:07 | INFO     | my_app.ui.layouts.editor_layout | editor_layout.py:201 | Transcription progress 78%: Transcribing... 78%
2026-05-13 00:50:07 | INFO     | my_app.ui.layouts.editor_layout | editor_layout.py:201 | Transcription progress 79%: Transcribing... 79%
2026-05-13 00:50:07 | INFO     | my_app.ui.layouts.editor_layout | editor_layout.py:201 | Transcription progress 80%: Transcribing... 80%
2026-05-13 00:50:07 | INFO     | my_app.ui.layouts.editor_layout | editor_layout.py:201 | Transcription progress 81%: Transcribing... 81%
2026-05-13 00:50:07 | INFO     | my_app.ui.layouts.editor_layout | editor_layout.py:201 | Transcription progress 82%: Transcribing... 82%
2026-05-13 00:50:07 | INFO     | my_app.ui.layouts.editor_layout | editor_layout.py:201 | Transcription progress 83%: Transcribing... 83%
2026-05-13 00:50:07 | INFO     | my_app.ui.layouts.editor_layout | editor_layout.py:201 | Transcription progress 85%: Transcribing... 85%
2026-05-13 00:50:07 | INFO     | my_app.ui.layouts.editor_layout | editor_layout.py:201 | Transcription progress 87%: Transcribing... 87%
2026-05-13 00:50:07 | INFO     | my_app.ui.layouts.editor_layout | editor_layout.py:201 | Transcription progress 88%: Transcribing... 88%
2026-05-13 00:50:07 | INFO     | my_app.ui.layouts.editor_layout | editor_layout.py:201 | Transcription progress 89%: Transcribing... 89%
2026-05-13 00:50:07 | INFO     | my_app.ui.layouts.editor_layout | editor_layout.py:201 | Transcription progress 91%: Transcribing... 91%
2026-05-13 00:50:07 | INFO     | my_app.ui.layouts.editor_layout | editor_layout.py:201 | Transcription progress 91%: Transcribing... 91%
2026-05-13 00:50:08 | INFO     | my_app.services.local_whisper_service | local_whisper_service.py:96 | Local transcription finished. segments=40
2026-05-13 00:50:08 | INFO     | my_app.ui.layouts.editor_layout | editor_layout.py:201 | Transcription progress 100%: Transcription complete
2026-05-13 00:50:08 | INFO     | my_app.workers.transcription_worker | transcription_worker.py:60 | Transcription finished. provider=local model=small segments=40
2026-05-13 00:50:08 | INFO     | my_app.ui.layouts.editor_layout | editor_layout.py:201 | Transcription progress 100%: Transcription complete
2026-05-13 00:50:08 | INFO     | my_app.ui.layouts.editor_layout | editor_layout.py:207 | Transcription completed: 40 segment(s)
2026-05-13 00:50:08 | INFO     | my_app.ui.layouts.editor_layout | editor_layout.py:243 | Transcript stored with 40 segment(s).
2026-05-13 00:50:08 | INFO     | my_app.ui.layouts.editor_layout | editor_layout.py:240 | Transcription thread cleaned up.
2026-05-13 00:50:11 | INFO     | my_app.ui.layouts.editor_layout | editor_layout.py:269 | Starting Khmer translation...
2026-05-13 00:50:11 | INFO     | my_app.ui.layouts.editor_layout | editor_layout.py:250 | Khmer translation ready with 40 segment(s).
2026-05-13 00:50:55 | INFO     | my_app.app.bootstrap | bootstrap.py:25 | Application bootstrap started.
2026-05-13 00:50:55 | INFO     | my_app.utils.font_manager | font_manager.py:49 | Loaded font family: Google Sans
2026-05-13 00:50:55 | INFO     | my_app.utils.font_manager | font_manager.py:49 | Loaded font family: Google Sans 17pt
2026-05-13 00:50:55 | INFO     | my_app.utils.font_manager | font_manager.py:55 | Loaded 18 font file(s).
2026-05-13 00:50:55 | DEBUG    | my_app.app.bootstrap | bootstrap.py:55 | Loading services with config: AppConfig(app_name='FreeCut AI', app_version='1.0.0', debug=True, theme_path=PosixPath('/Users/piseth/developer/desktop-app/freecut-ai/assets/styles/theme.qss'), fonts_path=PosixPath('/Users/piseth/developer/desktop-app/freecut-ai/assets/fonts'), log_level='DEBUG', deepinfra_api_key='HprQb9QGU1nwDT3sDXDxyV0HB7pruHSh', transcription_provider='local', transcription_model='small', transcription_language='zh', transcription_models=[TranscriptionModelConfig(label='Local Tiny - Free', provider='local', value='tiny'), TranscriptionModelConfig(label='Local Base - Free', provider='local', value='base'), TranscriptionModelConfig(label='Local Small - Free', provider='local', value='small'), TranscriptionModelConfig(label='Local Medium - Free', provider='local', value='medium'), TranscriptionModelConfig(label='Local Large V3 - Free', provider='local', value='large-v3'), TranscriptionModelConfig(label='DeepInfra Large V3 - Paid', provider='deepinfra', value='openai/whisper-large-v3')])
2026-05-13 00:50:56 | INFO     | my_app.app.bootstrap | bootstrap.py:40 | Application bootstrap finished.
2026-05-13 00:50:56 | INFO     | my_app.app.application | application.py:61 | Opening main window.
2026-05-13 00:50:56 | INFO     | my_app.app.application | application.py:56 | Theme loaded: /Users/piseth/developer/desktop-app/freecut-ai/assets/styles/theme.qss
2026-05-13 00:50:56 | INFO     | my_app.ui.windows.main_window | main_window.py:16 | MainWindow initialized.
2026-05-13 00:51:00 | INFO     | my_app.ui.layouts.editor_layout | editor_layout.py:110 | Selected video: /Users/piseth/Desktop/Movie/ep1.mp4
2026-05-13 00:51:00 | INFO     | my_app.ui.layouts.editor_layout | editor_layout.py:115 | Current project video: /Users/piseth/Desktop/Movie/ep1.mp4
2026-05-13 00:51:00 | INFO     | my_app.ui.layouts.editor_layout | editor_layout.py:160 | Starting transcription for video=/Users/piseth/Desktop/Movie/ep1.mp4 model=small
2026-05-13 00:51:00 | INFO     | my_app.ui.layouts.editor_layout | editor_layout.py:201 | Transcription progress 5%: Checking video duration...
2026-05-13 00:51:00 | INFO     | my_app.ui.layouts.editor_layout | editor_layout.py:201 | Transcription progress 10%: Extracting audio...
2026-05-13 00:51:00 | INFO     | my_app.services.transcription_service | transcription_service.py:29 | Transcription request provider=local model=small language=zh
2026-05-13 00:51:00 | INFO     | my_app.ui.layouts.editor_layout | editor_layout.py:201 | Transcription progress 15%: Audio extracted
2026-05-13 00:51:00 | INFO     | my_app.services.local_whisper_service | local_whisper_service.py:29 | Loading local Whisper model=small device=cpu compute_type=int8
2026-05-13 00:51:00 | INFO     | my_app.ui.layouts.editor_layout | editor_layout.py:201 | Transcription progress 18%: Loading local Whisper model: small
2026-05-13 00:51:01 | INFO     | my_app.services.local_whisper_service | local_whisper_service.py:55 | Local transcription started: /var/folders/y9/wg10dhg15tg1xh4pmfsr2xz40000gn/T/freecut_ai/ep1_transcribe.wav
2026-05-13 00:51:01 | INFO     | my_app.ui.layouts.editor_layout | editor_layout.py:201 | Transcription progress 35%: Transcribing audio...
2026-05-13 00:51:02 | INFO     | my_app.services.local_whisper_service | local_whisper_service.py:66 | Detected language=zh probability=1.00
2026-05-13 00:51:06 | INFO     | my_app.ui.layouts.editor_layout | editor_layout.py:201 | Transcription progress 39%: Transcribing... 39%
2026-05-13 00:51:06 | INFO     | my_app.ui.layouts.editor_layout | editor_layout.py:201 | Transcription progress 40%: Transcribing... 40%
2026-05-13 00:51:06 | INFO     | my_app.ui.layouts.editor_layout | editor_layout.py:201 | Transcription progress 41%: Transcribing... 41%
2026-05-13 00:51:06 | INFO     | my_app.ui.layouts.editor_layout | editor_layout.py:201 | Transcription progress 43%: Transcribing... 43%
2026-05-13 00:51:06 | INFO     | my_app.ui.layouts.editor_layout | editor_layout.py:201 | Transcription progress 44%: Transcribing... 44%
2026-05-13 00:51:06 | INFO     | my_app.ui.layouts.editor_layout | editor_layout.py:201 | Transcription progress 47%: Transcribing... 47%
2026-05-13 00:51:06 | INFO     | my_app.ui.layouts.editor_layout | editor_layout.py:201 | Transcription progress 48%: Transcribing... 48%
2026-05-13 00:51:06 | INFO     | my_app.ui.layouts.editor_layout | editor_layout.py:201 | Transcription progress 48%: Transcribing... 48%
2026-05-13 00:51:06 | INFO     | my_app.ui.layouts.editor_layout | editor_layout.py:201 | Transcription progress 50%: Transcribing... 50%
2026-05-13 00:51:06 | INFO     | my_app.ui.layouts.editor_layout | editor_layout.py:201 | Transcription progress 52%: Transcribing... 52%
2026-05-13 00:51:06 | INFO     | my_app.ui.layouts.editor_layout | editor_layout.py:201 | Transcription progress 53%: Transcribing... 53%
2026-05-13 00:51:06 | INFO     | my_app.ui.layouts.editor_layout | editor_layout.py:201 | Transcription progress 54%: Transcribing... 54%
2026-05-13 00:51:06 | INFO     | my_app.ui.layouts.editor_layout | editor_layout.py:201 | Transcription progress 56%: Transcribing... 56%
2026-05-13 00:51:06 | INFO     | my_app.ui.layouts.editor_layout | editor_layout.py:201 | Transcription progress 57%: Transcribing... 57%
2026-05-13 00:51:06 | INFO     | my_app.ui.layouts.editor_layout | editor_layout.py:201 | Transcription progress 59%: Transcribing... 59%
2026-05-13 00:51:06 | INFO     | my_app.ui.layouts.editor_layout | editor_layout.py:201 | Transcription progress 61%: Transcribing... 61%
2026-05-13 00:51:06 | INFO     | my_app.ui.layouts.editor_layout | editor_layout.py:201 | Transcription progress 62%: Transcribing... 62%
2026-05-13 00:51:06 | INFO     | my_app.ui.layouts.editor_layout | editor_layout.py:201 | Transcription progress 63%: Transcribing... 63%
2026-05-13 00:51:06 | INFO     | my_app.ui.layouts.editor_layout | editor_layout.py:201 | Transcription progress 65%: Transcribing... 65%
2026-05-13 00:51:13 | INFO     | my_app.ui.layouts.editor_layout | editor_layout.py:201 | Transcription progress 66%: Transcribing... 66%
2026-05-13 00:51:13 | INFO     | my_app.ui.layouts.editor_layout | editor_layout.py:201 | Transcription progress 68%: Transcribing... 68%
2026-05-13 00:51:13 | INFO     | my_app.ui.layouts.editor_layout | editor_layout.py:201 | Transcription progress 70%: Transcribing... 70%
2026-05-13 00:51:13 | INFO     | my_app.ui.layouts.editor_layout | editor_layout.py:201 | Transcription progress 71%: Transcribing... 71%
2026-05-13 00:51:13 | INFO     | my_app.ui.layouts.editor_layout | editor_layout.py:201 | Transcription progress 72%: Transcribing... 72%
2026-05-13 00:51:13 | INFO     | my_app.ui.layouts.editor_layout | editor_layout.py:201 | Transcription progress 73%: Transcribing... 73%
2026-05-13 00:51:13 | INFO     | my_app.ui.layouts.editor_layout | editor_layout.py:201 | Transcription progress 74%: Transcribing... 74%
2026-05-13 00:51:13 | INFO     | my_app.ui.layouts.editor_layout | editor_layout.py:201 | Transcription progress 75%: Transcribing... 75%
2026-05-13 00:51:13 | INFO     | my_app.ui.layouts.editor_layout | editor_layout.py:201 | Transcription progress 77%: Transcribing... 77%
2026-05-13 00:51:13 | INFO     | my_app.ui.layouts.editor_layout | editor_layout.py:201 | Transcription progress 78%: Transcribing... 78%
2026-05-13 00:51:13 | INFO     | my_app.ui.layouts.editor_layout | editor_layout.py:201 | Transcription progress 79%: Transcribing... 79%
2026-05-13 00:51:13 | INFO     | my_app.ui.layouts.editor_layout | editor_layout.py:201 | Transcription progress 80%: Transcribing... 80%
2026-05-13 00:51:13 | INFO     | my_app.ui.layouts.editor_layout | editor_layout.py:201 | Transcription progress 81%: Transcribing... 81%
2026-05-13 00:51:13 | INFO     | my_app.ui.layouts.editor_layout | editor_layout.py:201 | Transcription progress 82%: Transcribing... 82%
2026-05-13 00:51:13 | INFO     | my_app.ui.layouts.editor_layout | editor_layout.py:201 | Transcription progress 83%: Transcribing... 83%
2026-05-13 00:51:13 | INFO     | my_app.ui.layouts.editor_layout | editor_layout.py:201 | Transcription progress 85%: Transcribing... 85%
2026-05-13 00:51:13 | INFO     | my_app.ui.layouts.editor_layout | editor_layout.py:201 | Transcription progress 87%: Transcribing... 87%
2026-05-13 00:51:13 | INFO     | my_app.ui.layouts.editor_layout | editor_layout.py:201 | Transcription progress 88%: Transcribing... 88%
2026-05-13 00:51:13 | INFO     | my_app.ui.layouts.editor_layout | editor_layout.py:201 | Transcription progress 89%: Transcribing... 89%
2026-05-13 00:51:13 | INFO     | my_app.ui.layouts.editor_layout | editor_layout.py:201 | Transcription progress 91%: Transcribing... 91%
2026-05-13 00:51:13 | INFO     | my_app.ui.layouts.editor_layout | editor_layout.py:201 | Transcription progress 91%: Transcribing... 91%
2026-05-13 00:51:13 | INFO     | my_app.services.local_whisper_service | local_whisper_service.py:96 | Local transcription finished. segments=40
2026-05-13 00:51:13 | INFO     | my_app.ui.layouts.editor_layout | editor_layout.py:201 | Transcription progress 100%: Transcription complete
2026-05-13 00:51:13 | INFO     | my_app.workers.transcription_worker | transcription_worker.py:60 | Transcription finished. provider=local model=small segments=40
2026-05-13 00:51:13 | INFO     | my_app.ui.layouts.editor_layout | editor_layout.py:201 | Transcription progress 100%: Transcription complete
2026-05-13 00:51:13 | INFO     | my_app.ui.layouts.editor_layout | editor_layout.py:207 | Transcription completed: 40 segment(s)
2026-05-13 00:51:13 | INFO     | my_app.ui.layouts.editor_layout | editor_layout.py:243 | Transcript stored with 40 segment(s).
2026-05-13 00:51:13 | INFO     | my_app.ui.layouts.editor_layout | editor_layout.py:240 | Transcription thread cleaned up.
2026-05-13 00:51:16 | INFO     | my_app.ui.layouts.editor_layout | editor_layout.py:269 | Starting Khmer translation...
2026-05-13 00:51:16 | INFO     | my_app.ui.layouts.editor_layout | editor_layout.py:250 | Khmer translation ready with 40 segment(s).
2026-05-13 01:01:52 | INFO     | my_app.app.bootstrap | bootstrap.py:25 | Application bootstrap started.
2026-05-13 01:01:53 | INFO     | my_app.utils.font_manager | font_manager.py:49 | Loaded font family: Google Sans
2026-05-13 01:01:53 | INFO     | my_app.utils.font_manager | font_manager.py:49 | Loaded font family: Google Sans 17pt
2026-05-13 01:01:53 | INFO     | my_app.utils.font_manager | font_manager.py:55 | Loaded 18 font file(s).
2026-05-13 01:01:53 | DEBUG    | my_app.app.bootstrap | bootstrap.py:55 | Loading services with config: AppConfig(app_name='FreeCut AI', app_version='1.0.0', debug=True, theme_path=PosixPath('/Users/piseth/developer/desktop-app/freecut-ai/assets/styles/theme.qss'), fonts_path=PosixPath('/Users/piseth/developer/desktop-app/freecut-ai/assets/fonts'), log_level='DEBUG', deepinfra_api_key='HprQb9QGU1nwDT3sDXDxyV0HB7pruHSh', transcription_provider='local', transcription_model='small', transcription_language='zh', transcription_models=[TranscriptionModelConfig(label='Local Tiny - Free', provider='local', value='tiny'), TranscriptionModelConfig(label='Local Base - Free', provider='local', value='base'), TranscriptionModelConfig(label='Local Small - Free', provider='local', value='small'), TranscriptionModelConfig(label='Local Medium - Free', provider='local', value='medium'), TranscriptionModelConfig(label='Local Large V3 - Free', provider='local', value='large-v3'), TranscriptionModelConfig(label='DeepInfra Large V3 - Paid', provider='deepinfra', value='openai/whisper-large-v3')], translation_provider='local_nllb', translation_model='facebook/nllb-200-distilled-600M', translation_source_language='zho_Hans', translation_target_language='khm_Khmr', translation_models=[TranslationModelConfig(label='Local NLLB 600M - Free', provider='local_nllb', value='facebook/nllb-200-distilled-600M'), TranslationModelConfig(label='Local NLLB 1.3B - Free Better', provider='local_nllb', value='facebook/nllb-200-distilled-1.3B')])
2026-05-13 01:01:53 | INFO     | my_app.app.bootstrap | bootstrap.py:40 | Application bootstrap finished.
2026-05-13 01:01:53 | INFO     | my_app.app.application | application.py:61 | Opening main window.
2026-05-13 01:01:53 | INFO     | my_app.app.application | application.py:56 | Theme loaded: /Users/piseth/developer/desktop-app/freecut-ai/assets/styles/theme.qss
2026-05-13 01:01:53 | INFO     | my_app.ui.windows.main_window | main_window.py:16 | MainWindow initialized.
2026-05-13 01:01:59 | INFO     | my_app.ui.layouts.editor_layout | editor_layout.py:116 | Selected video: /Users/piseth/Desktop/Movie/ep1.mp4
2026-05-13 01:01:59 | INFO     | my_app.ui.layouts.editor_layout | editor_layout.py:121 | Current project video: /Users/piseth/Desktop/Movie/ep1.mp4
2026-05-13 01:02:10 | INFO     | my_app.ui.layouts.editor_layout | editor_layout.py:167 | Starting transcription for video=/Users/piseth/Desktop/Movie/ep1.mp4 model=small
2026-05-13 01:02:10 | INFO     | my_app.ui.layouts.editor_layout | editor_layout.py:208 | Transcription progress 5%: Checking video duration...
2026-05-13 01:02:10 | INFO     | my_app.ui.layouts.editor_layout | editor_layout.py:208 | Transcription progress 10%: Extracting audio...
2026-05-13 01:02:10 | INFO     | my_app.services.transcription_service | transcription_service.py:29 | Transcription request provider=local model=small language=zh
2026-05-13 01:02:10 | INFO     | my_app.ui.layouts.editor_layout | editor_layout.py:208 | Transcription progress 15%: Audio extracted
2026-05-13 01:02:10 | INFO     | my_app.services.local_whisper_service | local_whisper_service.py:29 | Loading local Whisper model=small device=cpu compute_type=int8
2026-05-13 01:02:10 | INFO     | my_app.ui.layouts.editor_layout | editor_layout.py:208 | Transcription progress 18%: Loading local Whisper model: small
2026-05-13 01:02:11 | INFO     | my_app.services.local_whisper_service | local_whisper_service.py:55 | Local transcription started: /var/folders/y9/wg10dhg15tg1xh4pmfsr2xz40000gn/T/freecut_ai/ep1_transcribe.wav
2026-05-13 01:02:11 | INFO     | my_app.ui.layouts.editor_layout | editor_layout.py:208 | Transcription progress 35%: Transcribing audio...
2026-05-13 01:02:12 | INFO     | my_app.services.local_whisper_service | local_whisper_service.py:66 | Detected language=zh probability=1.00
2026-05-13 01:02:15 | INFO     | my_app.ui.layouts.editor_layout | editor_layout.py:208 | Transcription progress 39%: Transcribing... 39%
2026-05-13 01:02:15 | INFO     | my_app.ui.layouts.editor_layout | editor_layout.py:208 | Transcription progress 40%: Transcribing... 40%
2026-05-13 01:02:15 | INFO     | my_app.ui.layouts.editor_layout | editor_layout.py:208 | Transcription progress 41%: Transcribing... 41%
2026-05-13 01:02:15 | INFO     | my_app.ui.layouts.editor_layout | editor_layout.py:208 | Transcription progress 43%: Transcribing... 43%
2026-05-13 01:02:15 | INFO     | my_app.ui.layouts.editor_layout | editor_layout.py:208 | Transcription progress 44%: Transcribing... 44%
2026-05-13 01:02:15 | INFO     | my_app.ui.layouts.editor_layout | editor_layout.py:208 | Transcription progress 47%: Transcribing... 47%
2026-05-13 01:02:15 | INFO     | my_app.ui.layouts.editor_layout | editor_layout.py:208 | Transcription progress 48%: Transcribing... 48%
2026-05-13 01:02:15 | INFO     | my_app.ui.layouts.editor_layout | editor_layout.py:208 | Transcription progress 48%: Transcribing... 48%
2026-05-13 01:02:15 | INFO     | my_app.ui.layouts.editor_layout | editor_layout.py:208 | Transcription progress 50%: Transcribing... 50%
2026-05-13 01:02:15 | INFO     | my_app.ui.layouts.editor_layout | editor_layout.py:208 | Transcription progress 52%: Transcribing... 52%
2026-05-13 01:02:15 | INFO     | my_app.ui.layouts.editor_layout | editor_layout.py:208 | Transcription progress 53%: Transcribing... 53%
2026-05-13 01:02:15 | INFO     | my_app.ui.layouts.editor_layout | editor_layout.py:208 | Transcription progress 54%: Transcribing... 54%
2026-05-13 01:02:15 | INFO     | my_app.ui.layouts.editor_layout | editor_layout.py:208 | Transcription progress 56%: Transcribing... 56%
2026-05-13 01:02:15 | INFO     | my_app.ui.layouts.editor_layout | editor_layout.py:208 | Transcription progress 57%: Transcribing... 57%
2026-05-13 01:02:15 | INFO     | my_app.ui.layouts.editor_layout | editor_layout.py:208 | Transcription progress 59%: Transcribing... 59%
2026-05-13 01:02:15 | INFO     | my_app.ui.layouts.editor_layout | editor_layout.py:208 | Transcription progress 61%: Transcribing... 61%
2026-05-13 01:02:15 | INFO     | my_app.ui.layouts.editor_layout | editor_layout.py:208 | Transcription progress 62%: Transcribing... 62%
2026-05-13 01:02:15 | INFO     | my_app.ui.layouts.editor_layout | editor_layout.py:208 | Transcription progress 63%: Transcribing... 63%
2026-05-13 01:02:15 | INFO     | my_app.ui.layouts.editor_layout | editor_layout.py:208 | Transcription progress 65%: Transcribing... 65%
2026-05-13 01:02:22 | INFO     | my_app.ui.layouts.editor_layout | editor_layout.py:208 | Transcription progress 66%: Transcribing... 66%
2026-05-13 01:02:22 | INFO     | my_app.ui.layouts.editor_layout | editor_layout.py:208 | Transcription progress 68%: Transcribing... 68%
2026-05-13 01:02:22 | INFO     | my_app.ui.layouts.editor_layout | editor_layout.py:208 | Transcription progress 70%: Transcribing... 70%
2026-05-13 01:02:22 | INFO     | my_app.ui.layouts.editor_layout | editor_layout.py:208 | Transcription progress 71%: Transcribing... 71%
2026-05-13 01:02:22 | INFO     | my_app.ui.layouts.editor_layout | editor_layout.py:208 | Transcription progress 72%: Transcribing... 72%
2026-05-13 01:02:22 | INFO     | my_app.ui.layouts.editor_layout | editor_layout.py:208 | Transcription progress 73%: Transcribing... 73%
2026-05-13 01:02:22 | INFO     | my_app.ui.layouts.editor_layout | editor_layout.py:208 | Transcription progress 74%: Transcribing... 74%
2026-05-13 01:02:22 | INFO     | my_app.ui.layouts.editor_layout | editor_layout.py:208 | Transcription progress 75%: Transcribing... 75%
2026-05-13 01:02:22 | INFO     | my_app.ui.layouts.editor_layout | editor_layout.py:208 | Transcription progress 77%: Transcribing... 77%
2026-05-13 01:02:22 | INFO     | my_app.ui.layouts.editor_layout | editor_layout.py:208 | Transcription progress 78%: Transcribing... 78%
2026-05-13 01:02:22 | INFO     | my_app.ui.layouts.editor_layout | editor_layout.py:208 | Transcription progress 79%: Transcribing... 79%
2026-05-13 01:02:22 | INFO     | my_app.ui.layouts.editor_layout | editor_layout.py:208 | Transcription progress 80%: Transcribing... 80%
2026-05-13 01:02:22 | INFO     | my_app.ui.layouts.editor_layout | editor_layout.py:208 | Transcription progress 81%: Transcribing... 81%
2026-05-13 01:02:22 | INFO     | my_app.ui.layouts.editor_layout | editor_layout.py:208 | Transcription progress 82%: Transcribing... 82%
2026-05-13 01:02:22 | INFO     | my_app.ui.layouts.editor_layout | editor_layout.py:208 | Transcription progress 83%: Transcribing... 83%
2026-05-13 01:02:22 | INFO     | my_app.ui.layouts.editor_layout | editor_layout.py:208 | Transcription progress 85%: Transcribing... 85%
2026-05-13 01:02:22 | INFO     | my_app.ui.layouts.editor_layout | editor_layout.py:208 | Transcription progress 87%: Transcribing... 87%
2026-05-13 01:02:22 | INFO     | my_app.ui.layouts.editor_layout | editor_layout.py:208 | Transcription progress 88%: Transcribing... 88%
2026-05-13 01:02:22 | INFO     | my_app.ui.layouts.editor_layout | editor_layout.py:208 | Transcription progress 89%: Transcribing... 89%
2026-05-13 01:02:22 | INFO     | my_app.ui.layouts.editor_layout | editor_layout.py:208 | Transcription progress 91%: Transcribing... 91%
2026-05-13 01:02:22 | INFO     | my_app.ui.layouts.editor_layout | editor_layout.py:208 | Transcription progress 91%: Transcribing... 91%
2026-05-13 01:02:22 | INFO     | my_app.services.local_whisper_service | local_whisper_service.py:96 | Local transcription finished. segments=40
2026-05-13 01:02:22 | INFO     | my_app.ui.layouts.editor_layout | editor_layout.py:208 | Transcription progress 100%: Transcription complete
2026-05-13 01:02:22 | INFO     | my_app.workers.transcription_worker | transcription_worker.py:60 | Transcription finished. provider=local model=small segments=40
2026-05-13 01:02:22 | INFO     | my_app.ui.layouts.editor_layout | editor_layout.py:208 | Transcription progress 100%: Transcription complete
2026-05-13 01:02:22 | INFO     | my_app.ui.layouts.editor_layout | editor_layout.py:214 | Transcription completed: 40 segment(s)
2026-05-13 01:02:22 | INFO     | my_app.ui.layouts.editor_layout | editor_layout.py:250 | Transcript stored with 40 segment(s).
2026-05-13 01:02:22 | INFO     | my_app.ui.layouts.editor_layout | editor_layout.py:247 | Transcription thread cleaned up.
2026-05-13 01:02:25 | INFO     | my_app.ui.layouts.editor_layout | editor_layout.py:281 | Starting Khmer translation provider=local_nllb model=facebook/nllb-200-distilled-600M segments=40
2026-05-13 01:02:25 | INFO     | my_app.ui.layouts.editor_layout | editor_layout.py:281 | Starting Khmer translation provider=local_nllb model=facebook/nllb-200-distilled-600M segments=40
2026-05-13 01:02:25 | INFO     | my_app.services.translation_service | translation_service.py:26 | Translation request provider=local_nllb model=facebook/nllb-200-distilled-600M source=zho_Hans target=khm_Khmr count=40
2026-05-13 01:02:25 | INFO     | my_app.services.translation_service | translation_service.py:26 | Translation request provider=local_nllb model=facebook/nllb-200-distilled-600M source=zho_Hans target=khm_Khmr count=40
2026-05-13 01:02:25 | INFO     | my_app.ui.layouts.editor_layout | editor_layout.py:324 | Translation progress 5%: Preparing translation...
2026-05-13 01:02:25 | INFO     | my_app.services.local_nllb_translation_service | local_nllb_translation_service.py:31 | Loading NLLB translation model=facebook/nllb-200-distilled-600M device=mps source=zho_Hans target=khm_Khmr
2026-05-13 01:02:25 | INFO     | my_app.services.local_nllb_translation_service | local_nllb_translation_service.py:31 | Loading NLLB translation model=facebook/nllb-200-distilled-600M device=mps source=zho_Hans target=khm_Khmr
2026-05-13 01:02:25 | INFO     | my_app.ui.layouts.editor_layout | editor_layout.py:324 | Translation progress 5%: Preparing translation...
2026-05-13 01:02:25 | INFO     | my_app.ui.layouts.editor_layout | editor_layout.py:324 | Translation progress 10%: Loading translation model: facebook/nllb-200-distilled-600M
2026-05-13 01:02:25 | INFO     | my_app.ui.layouts.editor_layout | editor_layout.py:324 | Translation progress 10%: Loading translation model: facebook/nllb-200-distilled-600M
2026-05-13 01:07:24 | INFO     | my_app.ui.layouts.editor_layout | editor_layout.py:324 | Translation progress 25%: Translation model loaded
2026-05-13 01:07:25 | INFO     | my_app.ui.layouts.editor_layout | editor_layout.py:324 | Translation progress 25%: Translation model loaded
2026-05-13 01:08:44 | INFO     | my_app.ui.layouts.editor_layout | editor_layout.py:324 | Translation progress 26%: Translating 1/40 segments...
2026-05-13 01:08:44 | INFO     | my_app.ui.layouts.editor_layout | editor_layout.py:324 | Translation progress 26%: Translating 1/40 segments...
2026-05-13 01:09:12 | INFO     | my_app.ui.layouts.editor_layout | editor_layout.py:324 | Translation progress 28%: Translating 2/40 segments...
2026-05-13 01:09:12 | INFO     | my_app.ui.layouts.editor_layout | editor_layout.py:324 | Translation progress 28%: Translating 2/40 segments...
2026-05-13 01:09:54 | INFO     | my_app.ui.layouts.editor_layout | editor_layout.py:324 | Translation progress 30%: Translating 3/40 segments...
2026-05-13 01:09:54 | INFO     | my_app.ui.layouts.editor_layout | editor_layout.py:324 | Translation progress 30%: Translating 3/40 segments...
2026-05-13 01:10:25 | INFO     | my_app.ui.layouts.editor_layout | editor_layout.py:324 | Translation progress 32%: Translating 4/40 segments...
2026-05-13 01:10:25 | INFO     | my_app.ui.layouts.editor_layout | editor_layout.py:324 | Translation progress 32%: Translating 4/40 segments...
2026-05-13 01:11:02 | INFO     | my_app.ui.layouts.editor_layout | editor_layout.py:324 | Translation progress 33%: Translating 5/40 segments...
2026-05-13 01:11:02 | INFO     | my_app.ui.layouts.editor_layout | editor_layout.py:324 | Translation progress 33%: Translating 5/40 segments...
2026-05-13 01:11:59 | INFO     | my_app.ui.layouts.editor_layout | editor_layout.py:324 | Translation progress 35%: Translating 6/40 segments...
2026-05-13 01:11:59 | INFO     | my_app.ui.layouts.editor_layout | editor_layout.py:324 | Translation progress 35%: Translating 6/40 segments...
2026-05-13 01:21:15 | INFO     | my_app.app.bootstrap | bootstrap.py:31 | Application bootstrap started.
2026-05-13 01:21:15 | INFO     | my_app.utils.font_manager | font_manager.py:49 | Loaded font family: Google Sans
2026-05-13 01:21:15 | INFO     | my_app.utils.font_manager | font_manager.py:49 | Loaded font family: Google Sans 17pt
2026-05-13 01:21:15 | INFO     | my_app.utils.font_manager | font_manager.py:55 | Loaded 18 font file(s).
2026-05-13 01:21:16 | INFO     | my_app.services.system_check_service | system_check_service.py:31 | FFmpeg check passed: ffmpeg version 8.0.1 Copyright (c) 2000-2025 the FFmpeg developers
2026-05-13 01:21:16 | INFO     | my_app.app.bootstrap | bootstrap.py:103 | Whisper model status: ModelCheckResult(provider='local', model='small', is_ready=True, message='Whisper model is downloaded.')
2026-05-13 01:21:16 | INFO     | my_app.app.bootstrap | bootstrap.py:115 | Translation model status: ModelCheckResult(provider='local_nllb', model='facebook/nllb-200-distilled-600M', is_ready=True, message='Translation model is downloaded.')
2026-05-13 01:21:16 | INFO     | my_app.app.bootstrap | bootstrap.py:138 | Transcription provider: local
2026-05-13 01:21:16 | INFO     | my_app.app.bootstrap | bootstrap.py:139 | Translation provider: local_nllb
2026-05-13 01:21:16 | INFO     | my_app.app.bootstrap | bootstrap.py:53 | Application bootstrap finished.
2026-05-13 01:21:16 | INFO     | my_app.app.application | application.py:62 | Opening main window.
2026-05-13 01:21:16 | INFO     | my_app.app.application | application.py:57 | Theme loaded: /Users/piseth/developer/desktop-app/freecut-ai/assets/styles/theme.qss
2026-05-13 01:21:16 | INFO     | my_app.ui.windows.main_window | main_window.py:16 | MainWindow initialized.
2026-05-13 01:22:10 | INFO     | my_app.app.bootstrap | bootstrap.py:31 | Application bootstrap started.
2026-05-13 01:22:10 | INFO     | my_app.utils.font_manager | font_manager.py:49 | Loaded font family: Google Sans
2026-05-13 01:22:10 | INFO     | my_app.utils.font_manager | font_manager.py:49 | Loaded font family: Google Sans 17pt
2026-05-13 01:22:10 | INFO     | my_app.utils.font_manager | font_manager.py:55 | Loaded 18 font file(s).
2026-05-13 01:22:11 | INFO     | my_app.services.system_check_service | system_check_service.py:31 | FFmpeg check passed: ffmpeg version 8.0.1 Copyright (c) 2000-2025 the FFmpeg developers
2026-05-13 01:22:11 | INFO     | my_app.app.bootstrap | bootstrap.py:103 | Whisper model status: ModelCheckResult(provider='local', model='small', is_ready=True, message='Whisper model is downloaded.')
2026-05-13 01:22:11 | INFO     | my_app.app.bootstrap | bootstrap.py:115 | Translation model status: ModelCheckResult(provider='local_nllb', model='facebook/nllb-200-distilled-600M', is_ready=True, message='Translation model is downloaded.')
2026-05-13 01:22:11 | INFO     | my_app.app.bootstrap | bootstrap.py:138 | Transcription provider: local
2026-05-13 01:22:11 | INFO     | my_app.app.bootstrap | bootstrap.py:139 | Translation provider: local_nllb
2026-05-13 01:22:11 | INFO     | my_app.app.bootstrap | bootstrap.py:53 | Application bootstrap finished.
2026-05-13 01:22:11 | INFO     | my_app.app.application | application.py:62 | Opening main window.
2026-05-13 01:22:11 | INFO     | my_app.app.application | application.py:57 | Theme loaded: /Users/piseth/developer/desktop-app/freecut-ai/assets/styles/theme.qss
2026-05-13 01:22:11 | INFO     | my_app.ui.windows.main_window | main_window.py:16 | MainWindow initialized.
2026-05-13 01:22:34 | INFO     | my_app.ui.layouts.editor_layout | editor_layout.py:116 | Selected video: /Users/piseth/Desktop/Movie/ep1.mp4
2026-05-13 01:22:34 | INFO     | my_app.ui.layouts.editor_layout | editor_layout.py:121 | Current project video: /Users/piseth/Desktop/Movie/ep1.mp4
2026-05-13 01:22:37 | INFO     | my_app.ui.layouts.editor_layout | editor_layout.py:167 | Starting transcription for video=/Users/piseth/Desktop/Movie/ep1.mp4 model=small
2026-05-13 01:22:37 | INFO     | my_app.ui.layouts.editor_layout | editor_layout.py:208 | Transcription progress 5%: Checking video duration...
2026-05-13 01:22:37 | INFO     | my_app.ui.layouts.editor_layout | editor_layout.py:208 | Transcription progress 10%: Extracting audio...
2026-05-13 01:22:37 | INFO     | my_app.services.transcription_service | transcription_service.py:29 | Transcription request provider=local model=small language=zh
2026-05-13 01:22:37 | INFO     | my_app.ui.layouts.editor_layout | editor_layout.py:208 | Transcription progress 15%: Audio extracted
2026-05-13 01:22:37 | INFO     | my_app.services.local_whisper_service | local_whisper_service.py:29 | Loading local Whisper model=small device=cpu compute_type=int8
2026-05-13 01:22:37 | INFO     | my_app.ui.layouts.editor_layout | editor_layout.py:208 | Transcription progress 18%: Loading local Whisper model: small
2026-05-13 01:22:38 | INFO     | my_app.services.local_whisper_service | local_whisper_service.py:55 | Local transcription started: /var/folders/y9/wg10dhg15tg1xh4pmfsr2xz40000gn/T/freecut_ai/ep1_transcribe.wav
2026-05-13 01:22:38 | INFO     | my_app.ui.layouts.editor_layout | editor_layout.py:208 | Transcription progress 35%: Transcribing audio...
2026-05-13 01:22:38 | INFO     | my_app.services.local_whisper_service | local_whisper_service.py:66 | Detected language=zh probability=1.00
2026-05-13 01:22:42 | INFO     | my_app.ui.layouts.editor_layout | editor_layout.py:208 | Transcription progress 39%: Transcribing... 39%
2026-05-13 01:22:42 | INFO     | my_app.ui.layouts.editor_layout | editor_layout.py:208 | Transcription progress 40%: Transcribing... 40%
2026-05-13 01:22:42 | INFO     | my_app.ui.layouts.editor_layout | editor_layout.py:208 | Transcription progress 41%: Transcribing... 41%
2026-05-13 01:22:42 | INFO     | my_app.ui.layouts.editor_layout | editor_layout.py:208 | Transcription progress 43%: Transcribing... 43%
2026-05-13 01:22:42 | INFO     | my_app.ui.layouts.editor_layout | editor_layout.py:208 | Transcription progress 44%: Transcribing... 44%
2026-05-13 01:22:42 | INFO     | my_app.ui.layouts.editor_layout | editor_layout.py:208 | Transcription progress 47%: Transcribing... 47%
2026-05-13 01:22:42 | INFO     | my_app.ui.layouts.editor_layout | editor_layout.py:208 | Transcription progress 48%: Transcribing... 48%
2026-05-13 01:22:42 | INFO     | my_app.ui.layouts.editor_layout | editor_layout.py:208 | Transcription progress 48%: Transcribing... 48%
2026-05-13 01:22:42 | INFO     | my_app.ui.layouts.editor_layout | editor_layout.py:208 | Transcription progress 50%: Transcribing... 50%
2026-05-13 01:22:42 | INFO     | my_app.ui.layouts.editor_layout | editor_layout.py:208 | Transcription progress 52%: Transcribing... 52%
2026-05-13 01:22:42 | INFO     | my_app.ui.layouts.editor_layout | editor_layout.py:208 | Transcription progress 53%: Transcribing... 53%
2026-05-13 01:22:42 | INFO     | my_app.ui.layouts.editor_layout | editor_layout.py:208 | Transcription progress 54%: Transcribing... 54%
2026-05-13 01:22:42 | INFO     | my_app.ui.layouts.editor_layout | editor_layout.py:208 | Transcription progress 56%: Transcribing... 56%
2026-05-13 01:22:42 | INFO     | my_app.ui.layouts.editor_layout | editor_layout.py:208 | Transcription progress 57%: Transcribing... 57%
2026-05-13 01:22:42 | INFO     | my_app.ui.layouts.editor_layout | editor_layout.py:208 | Transcription progress 59%: Transcribing... 59%
2026-05-13 01:22:42 | INFO     | my_app.ui.layouts.editor_layout | editor_layout.py:208 | Transcription progress 61%: Transcribing... 61%
2026-05-13 01:22:42 | INFO     | my_app.ui.layouts.editor_layout | editor_layout.py:208 | Transcription progress 62%: Transcribing... 62%
2026-05-13 01:22:42 | INFO     | my_app.ui.layouts.editor_layout | editor_layout.py:208 | Transcription progress 63%: Transcribing... 63%
2026-05-13 01:22:42 | INFO     | my_app.ui.layouts.editor_layout | editor_layout.py:208 | Transcription progress 65%: Transcribing... 65%
2026-05-13 01:22:48 | INFO     | my_app.ui.layouts.editor_layout | editor_layout.py:208 | Transcription progress 66%: Transcribing... 66%
2026-05-13 01:22:48 | INFO     | my_app.ui.layouts.editor_layout | editor_layout.py:208 | Transcription progress 68%: Transcribing... 68%
2026-05-13 01:22:48 | INFO     | my_app.ui.layouts.editor_layout | editor_layout.py:208 | Transcription progress 70%: Transcribing... 70%
2026-05-13 01:22:48 | INFO     | my_app.ui.layouts.editor_layout | editor_layout.py:208 | Transcription progress 71%: Transcribing... 71%
2026-05-13 01:22:48 | INFO     | my_app.ui.layouts.editor_layout | editor_layout.py:208 | Transcription progress 72%: Transcribing... 72%
2026-05-13 01:22:48 | INFO     | my_app.ui.layouts.editor_layout | editor_layout.py:208 | Transcription progress 73%: Transcribing... 73%
2026-05-13 01:22:48 | INFO     | my_app.ui.layouts.editor_layout | editor_layout.py:208 | Transcription progress 74%: Transcribing... 74%
2026-05-13 01:22:48 | INFO     | my_app.ui.layouts.editor_layout | editor_layout.py:208 | Transcription progress 75%: Transcribing... 75%
2026-05-13 01:22:48 | INFO     | my_app.ui.layouts.editor_layout | editor_layout.py:208 | Transcription progress 77%: Transcribing... 77%
2026-05-13 01:22:48 | INFO     | my_app.ui.layouts.editor_layout | editor_layout.py:208 | Transcription progress 78%: Transcribing... 78%
2026-05-13 01:22:48 | INFO     | my_app.ui.layouts.editor_layout | editor_layout.py:208 | Transcription progress 79%: Transcribing... 79%
2026-05-13 01:22:48 | INFO     | my_app.ui.layouts.editor_layout | editor_layout.py:208 | Transcription progress 80%: Transcribing... 80%
2026-05-13 01:22:48 | INFO     | my_app.ui.layouts.editor_layout | editor_layout.py:208 | Transcription progress 81%: Transcribing... 81%
2026-05-13 01:22:48 | INFO     | my_app.ui.layouts.editor_layout | editor_layout.py:208 | Transcription progress 82%: Transcribing... 82%
2026-05-13 01:22:48 | INFO     | my_app.ui.layouts.editor_layout | editor_layout.py:208 | Transcription progress 83%: Transcribing... 83%
2026-05-13 01:22:48 | INFO     | my_app.ui.layouts.editor_layout | editor_layout.py:208 | Transcription progress 85%: Transcribing... 85%
2026-05-13 01:22:48 | INFO     | my_app.ui.layouts.editor_layout | editor_layout.py:208 | Transcription progress 87%: Transcribing... 87%
2026-05-13 01:22:48 | INFO     | my_app.ui.layouts.editor_layout | editor_layout.py:208 | Transcription progress 88%: Transcribing... 88%
2026-05-13 01:22:48 | INFO     | my_app.ui.layouts.editor_layout | editor_layout.py:208 | Transcription progress 89%: Transcribing... 89%
2026-05-13 01:22:48 | INFO     | my_app.ui.layouts.editor_layout | editor_layout.py:208 | Transcription progress 91%: Transcribing... 91%
2026-05-13 01:22:48 | INFO     | my_app.ui.layouts.editor_layout | editor_layout.py:208 | Transcription progress 91%: Transcribing... 91%
2026-05-13 01:22:49 | INFO     | my_app.services.local_whisper_service | local_whisper_service.py:96 | Local transcription finished. segments=40
2026-05-13 01:22:49 | INFO     | my_app.ui.layouts.editor_layout | editor_layout.py:208 | Transcription progress 100%: Transcription complete
2026-05-13 01:22:49 | INFO     | my_app.workers.transcription_worker | transcription_worker.py:60 | Transcription finished. provider=local model=small segments=40
2026-05-13 01:22:49 | INFO     | my_app.ui.layouts.editor_layout | editor_layout.py:208 | Transcription progress 100%: Transcription complete
2026-05-13 01:22:49 | INFO     | my_app.ui.layouts.editor_layout | editor_layout.py:214 | Transcription completed: 40 segment(s)
2026-05-13 01:22:49 | INFO     | my_app.ui.layouts.editor_layout | editor_layout.py:250 | Transcript stored with 40 segment(s).
2026-05-13 01:22:49 | INFO     | my_app.ui.layouts.editor_layout | editor_layout.py:247 | Transcription thread cleaned up.
2026-05-13 01:22:53 | INFO     | my_app.ui.layouts.editor_layout | editor_layout.py:281 | Starting Khmer translation provider=local_nllb model=facebook/nllb-200-distilled-600M segments=40
2026-05-13 01:22:53 | INFO     | my_app.ui.layouts.editor_layout | editor_layout.py:281 | Starting Khmer translation provider=local_nllb model=facebook/nllb-200-distilled-600M segments=40
2026-05-13 01:22:53 | INFO     | my_app.services.translation_service | translation_service.py:26 | Translation request provider=local_nllb model=facebook/nllb-200-distilled-600M source=zho_Hans target=khm_Khmr count=40
2026-05-13 01:22:53 | INFO     | my_app.services.translation_service | translation_service.py:26 | Translation request provider=local_nllb model=facebook/nllb-200-distilled-600M source=zho_Hans target=khm_Khmr count=40
2026-05-13 01:22:53 | INFO     | my_app.ui.layouts.editor_layout | editor_layout.py:324 | Translation progress 5%: Preparing translation...
2026-05-13 01:22:53 | INFO     | my_app.services.local_nllb_translation_service | local_nllb_translation_service.py:31 | Loading NLLB translation model=facebook/nllb-200-distilled-600M device=mps source=zho_Hans target=khm_Khmr
2026-05-13 01:22:53 | INFO     | my_app.services.local_nllb_translation_service | local_nllb_translation_service.py:31 | Loading NLLB translation model=facebook/nllb-200-distilled-600M device=mps source=zho_Hans target=khm_Khmr
2026-05-13 01:22:53 | INFO     | my_app.ui.layouts.editor_layout | editor_layout.py:324 | Translation progress 5%: Preparing translation...
2026-05-13 01:22:53 | INFO     | my_app.ui.layouts.editor_layout | editor_layout.py:324 | Translation progress 10%: Loading translation model: facebook/nllb-200-distilled-600M
2026-05-13 01:22:53 | INFO     | my_app.ui.layouts.editor_layout | editor_layout.py:324 | Translation progress 10%: Loading translation model: facebook/nllb-200-distilled-600M
2026-05-13 01:23:04 | INFO     | my_app.ui.layouts.editor_layout | editor_layout.py:324 | Translation progress 25%: Translation model loaded
2026-05-13 01:23:04 | INFO     | my_app.ui.layouts.editor_layout | editor_layout.py:324 | Translation progress 25%: Translation model loaded
2026-05-13 01:23:06 | INFO     | my_app.ui.layouts.editor_layout | editor_layout.py:324 | Translation progress 26%: Translating 1/40 segments...
2026-05-13 01:23:06 | INFO     | my_app.ui.layouts.editor_layout | editor_layout.py:324 | Translation progress 26%: Translating 1/40 segments...
2026-05-13 01:23:07 | INFO     | my_app.ui.layouts.editor_layout | editor_layout.py:324 | Translation progress 28%: Translating 2/40 segments...
2026-05-13 01:23:07 | INFO     | my_app.ui.layouts.editor_layout | editor_layout.py:324 | Translation progress 28%: Translating 2/40 segments...
2026-05-13 01:23:07 | INFO     | my_app.ui.layouts.editor_layout | editor_layout.py:324 | Translation progress 30%: Translating 3/40 segments...
2026-05-13 01:23:07 | INFO     | my_app.ui.layouts.editor_layout | editor_layout.py:324 | Translation progress 30%: Translating 3/40 segments...
2026-05-13 01:23:08 | INFO     | my_app.ui.layouts.editor_layout | editor_layout.py:324 | Translation progress 32%: Translating 4/40 segments...
2026-05-13 01:23:08 | INFO     | my_app.ui.layouts.editor_layout | editor_layout.py:324 | Translation progress 32%: Translating 4/40 segments...
2026-05-13 01:23:09 | INFO     | my_app.ui.layouts.editor_layout | editor_layout.py:324 | Translation progress 33%: Translating 5/40 segments...
2026-05-13 01:23:09 | INFO     | my_app.ui.layouts.editor_layout | editor_layout.py:324 | Translation progress 33%: Translating 5/40 segments...
2026-05-13 01:23:10 | INFO     | my_app.ui.layouts.editor_layout | editor_layout.py:324 | Translation progress 35%: Translating 6/40 segments...
2026-05-13 01:23:10 | INFO     | my_app.ui.layouts.editor_layout | editor_layout.py:324 | Translation progress 35%: Translating 6/40 segments...
2026-05-13 01:24:00 | INFO     | my_app.ui.layouts.editor_layout | editor_layout.py:324 | Translation progress 37%: Translating 7/40 segments...
2026-05-13 01:24:00 | INFO     | my_app.ui.layouts.editor_layout | editor_layout.py:324 | Translation progress 37%: Translating 7/40 segments...
2026-05-13 01:24:09 | INFO     | my_app.ui.layouts.editor_layout | editor_layout.py:324 | Translation progress 39%: Translating 8/40 segments...
2026-05-13 01:24:09 | INFO     | my_app.ui.layouts.editor_layout | editor_layout.py:324 | Translation progress 39%: Translating 8/40 segments...
2026-05-13 01:24:11 | INFO     | my_app.ui.layouts.editor_layout | editor_layout.py:324 | Translation progress 40%: Translating 9/40 segments...
2026-05-13 01:24:11 | INFO     | my_app.ui.layouts.editor_layout | editor_layout.py:324 | Translation progress 40%: Translating 9/40 segments...
2026-05-13 01:24:12 | INFO     | my_app.ui.layouts.editor_layout | editor_layout.py:324 | Translation progress 42%: Translating 10/40 segments...
2026-05-13 01:24:12 | INFO     | my_app.ui.layouts.editor_layout | editor_layout.py:324 | Translation progress 42%: Translating 10/40 segments...
2026-05-13 01:24:12 | INFO     | my_app.ui.layouts.editor_layout | editor_layout.py:324 | Translation progress 44%: Translating 11/40 segments...
2026-05-13 01:24:12 | INFO     | my_app.ui.layouts.editor_layout | editor_layout.py:324 | Translation progress 44%: Translating 11/40 segments...
2026-05-13 01:24:13 | INFO     | my_app.ui.layouts.editor_layout | editor_layout.py:324 | Translation progress 46%: Translating 12/40 segments...
2026-05-13 01:24:13 | INFO     | my_app.ui.layouts.editor_layout | editor_layout.py:324 | Translation progress 46%: Translating 12/40 segments...
2026-05-13 01:24:42 | INFO     | my_app.ui.layouts.editor_layout | editor_layout.py:324 | Translation progress 47%: Translating 13/40 segments...
2026-05-13 01:24:42 | INFO     | my_app.ui.layouts.editor_layout | editor_layout.py:324 | Translation progress 47%: Translating 13/40 segments...
2026-05-13 01:24:43 | INFO     | my_app.ui.layouts.editor_layout | editor_layout.py:324 | Translation progress 49%: Translating 14/40 segments...
2026-05-13 01:24:43 | INFO     | my_app.ui.layouts.editor_layout | editor_layout.py:324 | Translation progress 49%: Translating 14/40 segments...
2026-05-13 01:24:45 | INFO     | my_app.ui.layouts.editor_layout | editor_layout.py:324 | Translation progress 51%: Translating 15/40 segments...
2026-05-13 01:24:45 | INFO     | my_app.ui.layouts.editor_layout | editor_layout.py:324 | Translation progress 51%: Translating 15/40 segments...
2026-05-13 01:24:46 | INFO     | my_app.ui.layouts.editor_layout | editor_layout.py:324 | Translation progress 53%: Translating 16/40 segments...
2026-05-13 01:24:46 | INFO     | my_app.ui.layouts.editor_layout | editor_layout.py:324 | Translation progress 53%: Translating 16/40 segments...
2026-05-13 01:24:47 | INFO     | my_app.ui.layouts.editor_layout | editor_layout.py:324 | Translation progress 54%: Translating 17/40 segments...
2026-05-13 01:24:47 | INFO     | my_app.ui.layouts.editor_layout | editor_layout.py:324 | Translation progress 54%: Translating 17/40 segments...
2026-05-13 01:24:48 | INFO     | my_app.ui.layouts.editor_layout | editor_layout.py:324 | Translation progress 56%: Translating 18/40 segments...
2026-05-13 01:24:48 | INFO     | my_app.ui.layouts.editor_layout | editor_layout.py:324 | Translation progress 56%: Translating 18/40 segments...
2026-05-13 01:24:49 | INFO     | my_app.ui.layouts.editor_layout | editor_layout.py:324 | Translation progress 58%: Translating 19/40 segments...
2026-05-13 01:24:49 | INFO     | my_app.ui.layouts.editor_layout | editor_layout.py:324 | Translation progress 58%: Translating 19/40 segments...
2026-05-13 01:24:50 | INFO     | my_app.ui.layouts.editor_layout | editor_layout.py:324 | Translation progress 60%: Translating 20/40 segments...
2026-05-13 01:24:50 | INFO     | my_app.ui.layouts.editor_layout | editor_layout.py:324 | Translation progress 60%: Translating 20/40 segments...
2026-05-13 01:24:51 | INFO     | my_app.ui.layouts.editor_layout | editor_layout.py:324 | Translation progress 61%: Translating 21/40 segments...
2026-05-13 01:24:52 | INFO     | my_app.ui.layouts.editor_layout | editor_layout.py:324 | Translation progress 61%: Translating 21/40 segments...
2026-05-13 01:24:53 | INFO     | my_app.ui.layouts.editor_layout | editor_layout.py:324 | Translation progress 63%: Translating 22/40 segments...
2026-05-13 01:24:53 | INFO     | my_app.ui.layouts.editor_layout | editor_layout.py:324 | Translation progress 63%: Translating 22/40 segments...
2026-05-13 01:24:54 | INFO     | my_app.ui.layouts.editor_layout | editor_layout.py:324 | Translation progress 65%: Translating 23/40 segments...
2026-05-13 01:24:54 | INFO     | my_app.ui.layouts.editor_layout | editor_layout.py:324 | Translation progress 65%: Translating 23/40 segments...
2026-05-13 01:24:55 | INFO     | my_app.ui.layouts.editor_layout | editor_layout.py:324 | Translation progress 67%: Translating 24/40 segments...
2026-05-13 01:24:55 | INFO     | my_app.ui.layouts.editor_layout | editor_layout.py:324 | Translation progress 67%: Translating 24/40 segments...
2026-05-13 01:24:55 | INFO     | my_app.ui.layouts.editor_layout | editor_layout.py:324 | Translation progress 68%: Translating 25/40 segments...
2026-05-13 01:24:55 | INFO     | my_app.ui.layouts.editor_layout | editor_layout.py:324 | Translation progress 68%: Translating 25/40 segments...
2026-05-13 01:24:56 | INFO     | my_app.ui.layouts.editor_layout | editor_layout.py:324 | Translation progress 70%: Translating 26/40 segments...
2026-05-13 01:24:56 | INFO     | my_app.ui.layouts.editor_layout | editor_layout.py:324 | Translation progress 70%: Translating 26/40 segments...
2026-05-13 01:24:56 | INFO     | my_app.ui.layouts.editor_layout | editor_layout.py:324 | Translation progress 72%: Translating 27/40 segments...
2026-05-13 01:24:56 | INFO     | my_app.ui.layouts.editor_layout | editor_layout.py:324 | Translation progress 72%: Translating 27/40 segments...
2026-05-13 01:24:57 | INFO     | my_app.ui.layouts.editor_layout | editor_layout.py:324 | Translation progress 74%: Translating 28/40 segments...
2026-05-13 01:24:57 | INFO     | my_app.ui.layouts.editor_layout | editor_layout.py:324 | Translation progress 74%: Translating 28/40 segments...
2026-05-13 01:24:58 | INFO     | my_app.ui.layouts.editor_layout | editor_layout.py:324 | Translation progress 75%: Translating 29/40 segments...
2026-05-13 01:24:58 | INFO     | my_app.ui.layouts.editor_layout | editor_layout.py:324 | Translation progress 75%: Translating 29/40 segments...
2026-05-13 01:24:59 | INFO     | my_app.ui.layouts.editor_layout | editor_layout.py:324 | Translation progress 77%: Translating 30/40 segments...
2026-05-13 01:24:59 | INFO     | my_app.ui.layouts.editor_layout | editor_layout.py:324 | Translation progress 77%: Translating 30/40 segments...
2026-05-13 01:25:00 | INFO     | my_app.ui.layouts.editor_layout | editor_layout.py:324 | Translation progress 79%: Translating 31/40 segments...
2026-05-13 01:25:00 | INFO     | my_app.ui.layouts.editor_layout | editor_layout.py:324 | Translation progress 79%: Translating 31/40 segments...
2026-05-13 01:25:00 | INFO     | my_app.ui.layouts.editor_layout | editor_layout.py:324 | Translation progress 81%: Translating 32/40 segments...
2026-05-13 01:25:00 | INFO     | my_app.ui.layouts.editor_layout | editor_layout.py:324 | Translation progress 81%: Translating 32/40 segments...
2026-05-13 01:25:01 | INFO     | my_app.ui.layouts.editor_layout | editor_layout.py:324 | Translation progress 82%: Translating 33/40 segments...
2026-05-13 01:25:01 | INFO     | my_app.ui.layouts.editor_layout | editor_layout.py:324 | Translation progress 82%: Translating 33/40 segments...
2026-05-13 01:25:01 | INFO     | my_app.ui.layouts.editor_layout | editor_layout.py:324 | Translation progress 84%: Translating 34/40 segments...
2026-05-13 01:25:01 | INFO     | my_app.ui.layouts.editor_layout | editor_layout.py:324 | Translation progress 84%: Translating 34/40 segments...
2026-05-13 01:25:02 | INFO     | my_app.ui.layouts.editor_layout | editor_layout.py:324 | Translation progress 86%: Translating 35/40 segments...
2026-05-13 01:25:02 | INFO     | my_app.ui.layouts.editor_layout | editor_layout.py:324 | Translation progress 86%: Translating 35/40 segments...
2026-05-13 01:25:04 | INFO     | my_app.ui.layouts.editor_layout | editor_layout.py:324 | Translation progress 88%: Translating 36/40 segments...
2026-05-13 01:25:04 | INFO     | my_app.ui.layouts.editor_layout | editor_layout.py:324 | Translation progress 88%: Translating 36/40 segments...
2026-05-13 01:25:05 | INFO     | my_app.ui.layouts.editor_layout | editor_layout.py:324 | Translation progress 89%: Translating 37/40 segments...
2026-05-13 01:25:05 | INFO     | my_app.ui.layouts.editor_layout | editor_layout.py:324 | Translation progress 89%: Translating 37/40 segments...
2026-05-13 01:25:06 | INFO     | my_app.ui.layouts.editor_layout | editor_layout.py:324 | Translation progress 91%: Translating 38/40 segments...
2026-05-13 01:25:06 | INFO     | my_app.ui.layouts.editor_layout | editor_layout.py:324 | Translation progress 91%: Translating 38/40 segments...
2026-05-13 01:25:22 | INFO     | my_app.ui.layouts.editor_layout | editor_layout.py:324 | Translation progress 93%: Translating 39/40 segments...
2026-05-13 01:25:22 | INFO     | my_app.ui.layouts.editor_layout | editor_layout.py:324 | Translation progress 93%: Translating 39/40 segments...
2026-05-13 01:25:23 | INFO     | my_app.ui.layouts.editor_layout | editor_layout.py:324 | Translation progress 95%: Translating 40/40 segments...
2026-05-13 01:25:23 | INFO     | my_app.ui.layouts.editor_layout | editor_layout.py:324 | Translation progress 100%: Translation complete
2026-05-13 01:25:24 | INFO     | my_app.ui.layouts.editor_layout | editor_layout.py:324 | Translation progress 95%: Translating 40/40 segments...
2026-05-13 01:25:24 | INFO     | my_app.ui.layouts.editor_layout | editor_layout.py:324 | Translation progress 100%: Translation complete
2026-05-13 01:25:24 | INFO     | my_app.ui.layouts.editor_layout | editor_layout.py:324 | Translation progress 100%: Translation complete
2026-05-13 01:25:24 | INFO     | my_app.workers.translation_worker | translation_worker.py:57 | Translation finished. segments=40
2026-05-13 01:25:24 | INFO     | my_app.ui.layouts.editor_layout | editor_layout.py:330 | Khmer translation completed: 40 segment(s)
2026-05-13 01:25:24 | INFO     | my_app.ui.layouts.editor_layout | editor_layout.py:257 | Khmer translation ready with 40 segment(s).
2026-05-13 01:25:24 | INFO     | my_app.workers.translation_worker | translation_worker.py:57 | Translation finished. segments=40
2026-05-13 01:25:24 | INFO     | my_app.ui.layouts.editor_layout | editor_layout.py:247 | Transcription thread cleaned up.
2026-05-13 01:25:24 | INFO     | my_app.ui.layouts.editor_layout | editor_layout.py:324 | Translation progress 100%: Translation complete
2026-05-13 01:25:24 | INFO     | my_app.ui.layouts.editor_layout | editor_layout.py:330 | Khmer translation completed: 40 segment(s)
2026-05-13 01:25:24 | INFO     | my_app.ui.layouts.editor_layout | editor_layout.py:257 | Khmer translation ready with 40 segment(s).
2026-05-13 01:25:24 | INFO     | my_app.ui.layouts.editor_layout | editor_layout.py:247 | Transcription thread cleaned up.
